district_id,district_name,state,population,total_enrolments,adult_enrolments,child_enrolments,coverage_ratio,enrolment_centres,avg_processing_days,rejection_rate,first_enrolment_date,last_updated
D0001,Anantapur,Andhra Pradesh,2192743,1959606,1417584,542022,0.8937,264,6.45,0.1313,2012-05-21,2026-01-18
D0002,Chittoor,Andhra Pradesh,4972471,4506119,3192412,1313707,0.9062,393,25.81,0.0397,2012-08-13,2026-01-18
D0003,East Godavari,Andhra Pradesh,1762752,1450776,1129738,321038,0.823,285,5.58,0.0835,2011-05-26,2026-01-18
D0004,Guntur,Andhra Pradesh,4030409,3067946,2595676,472270,0.7612,320,16.4,0.1199,2011-07-17,2026-01-18
D0005,Krishna,Andhra Pradesh,2916182,2875283,2214009,661274,0.986,356,22.01,0.0731,2011-01-23,2026-01-18
D0006,Kurnool,Andhra Pradesh,3916664,3845191,3157900,687291,0.9818,314,5.4,0.0423,2010-04-02,2026-01-18
D0007,Nellore,Andhra Pradesh,3503758,3202376,2534678,667698,0.914,313,5.86,0.1373,2012-10-22,2026-01-18
D0008,Prakasam,Andhra Pradesh,2805413,2244066,1761939,482127,0.7999,240,26.06,0.073,2010-07-21,2026-01-18
D0009,Srikakulam,Andhra Pradesh,1771741,1722837,1393931,328906,0.9724,320,7.21,0.0374,2012-10-13,2026-01-18
D0010,Visakhapatnam,Andhra Pradesh,1507293,1248158,946480,301678,0.8281,387,18.49,0.0921,2010-08-05,2026-01-18
D0011,Vizianagaram,Andhra Pradesh,3113740,2440617,2002110,438507,0.7838,114,5.39,0.0693,2011-10-10,2026-01-18
D0012,West Godavari,Andhra Pradesh,2252126,2129859,1716727,413132,0.9457,212,24.75,0.0948,2010-08-19,2026-01-18
D0013,YSR Kadapa,Andhra Pradesh,3448089,2681953,2224587,457366,0.7778,377,16.24,0.0234,2011-05-18,2026-01-18
D0014,Anjaw,Arunachal Pradesh,2370230,2158146,1726275,431871,0.9105,221,20.94,0.1342,2012-08-18,2026-01-18
D0015,Changlang,Arunachal Pradesh,991234,771876,622893,148983,0.7787,306,23.04,0.043,2011-02-02,2026-01-18
D0016,East Kameng,Arunachal Pradesh,622409,532434,388814,143620,0.8554,401,20.91,0.054,2010-04-06,2026-01-18
D0017,East Siang,Arunachal Pradesh,1374371,1330138,980835,349303,0.9678,286,18.5,0.0384,2011-06-09,2026-01-18
D0018,Itanagar,Arunachal Pradesh,3970495,3548541,2853799,694742,0.8937,333,28.24,0.1231,2012-10-09,2026-01-18
D0019,Kurung Kumey,Arunachal Pradesh,2075557,1784082,1307314,476768,0.8596,389,27.31,0.0855,2010-07-09,2026-01-18
D0020,Lohit,Arunachal Pradesh,3407360,2778060,2214540,563520,0.8153,170,25.45,0.1305,2011-12-11,2026-01-18
D0021,Lower Subansiri,Arunachal Pradesh,4716263,4141734,3200419,941315,0.8782,274,8.0,0.0573,2011-03-18,2026-01-18
D0022,Papum Pare,Arunachal Pradesh,3860011,3128260,2423110,705150,0.8104,162,8.7,0.1497,2011-11-30,2026-01-18
D0023,Tawang,Arunachal Pradesh,1313168,1292666,984566,308100,0.9844,392,11.97,0.1372,2012-12-12,2026-01-18
D0024,Tirap,Arunachal Pradesh,2722809,2686203,1977873,708330,0.9866,373,7.02,0.0618,2011-02-05,2026-01-18
D0025,Upper Siang,Arunachal Pradesh,2241093,1878636,1493226,385410,0.8383,247,14.97,0.1243,2010-05-24,2026-01-18
D0026,Upper Subansiri,Arunachal Pradesh,1904104,1574669,1146324,428345,0.827,398,26.46,0.0556,2011-02-07,2026-01-18
D0027,West Kameng,Arunachal Pradesh,1410681,1231386,903805,327581,0.8729,401,7.4,0.1417,2011-07-05,2026-01-18
D0028,West Siang,Arunachal Pradesh,3945376,3598836,2916073,682763,0.9122,483,28.12,0.1328,2010-09-20,2026-01-18
D0029,Baksa,Assam,4004473,3947290,3068999,878291,0.9857,418,11.05,0.023,2011-03-29,2026-01-18
D0030,Barpeta,Assam,617796,594216,432771,161445,0.9618,282,13.73,0.1116,2011-02-08,2026-01-18
D0031,Bongaigaon,Assam,2079159,1761218,1467386,293832,0.8471,165,7.1,0.0326,2010-04-14,2026-01-18
D0032,Cachar,Assam,4624499,4112866,3108678,1004188,0.8894,148,29.34,0.0497,2012-05-27,2026-01-18
D0033,Chirang,Assam,2600021,2229834,1893505,336329,0.8576,210,5.45,0.0791,2012-03-26,2026-01-18
D0034,Darrang,Assam,2207923,1850134,1501616,348518,0.838,244,21.44,0.0896,2011-04-05,2026-01-18
D0035,Dhemaji,Assam,4801754,4025078,2977673,1047405,0.8383,287,19.75,0.147,2011-07-17,2026-01-18
D0036,Dhubri,Assam,1699386,1451708,1092427,359281,0.8543,146,19.42,0.079,2011-03-29,2026-01-18
D0037,Dibrugarh,Assam,4272962,3992882,2821133,1171749,0.9345,221,28.51,0.1436,2011-06-02,2026-01-18
D0038,Goalpara,Assam,4872578,4528829,3817625,711204,0.9295,398,15.7,0.1453,2011-12-01,2026-01-18
D0039,Golaghat,Assam,4835868,4073848,3371803,702045,0.8424,305,17.13,0.0622,2011-07-20,2026-01-18
D0040,Hailakandi,Assam,3580761,3484811,2476175,1008636,0.9732,163,20.38,0.1486,2012-08-19,2026-01-18
D0041,Jorhat,Assam,1605534,1403877,1167472,236405,0.8744,322,26.22,0.0291,2010-09-03,2026-01-18
D0042,Kamrup,Assam,998863,881673,656384,225289,0.8827,75,25.25,0.1314,2011-06-09,2026-01-18
D0043,Kamrup Metropolitan,Assam,4542787,4277446,3411240,866206,0.9416,449,6.27,0.1341,2012-04-13,2026-01-18
D0044,Karbi Anglong,Assam,4683839,4162936,2936499,1226437,0.8888,202,8.88,0.1475,2010-05-30,2026-01-18
D0045,Karimganj,Assam,4749913,4543278,3350838,1192440,0.9565,219,25.57,0.0604,2011-03-20,2026-01-18
D0046,Kokrajhar,Assam,2558852,2239861,1826604,413257,0.8753,157,20.57,0.0219,2012-05-26,2026-01-18
D0047,Lakhimpur,Assam,4883711,4285579,3347445,938134,0.8775,360,8.46,0.0286,2011-01-05,2026-01-18
D0048,Morigaon,Assam,3400603,3133665,2212869,920796,0.9215,169,11.77,0.0715,2012-01-11,2026-01-18
D0049,Nagaon,Assam,3677945,3608195,2978193,630002,0.981,442,22.21,0.0181,2011-09-26,2026-01-18
D0050,Nalbari,Assam,1303328,1115863,821239,294624,0.8562,167,22.86,0.1024,2012-06-15,2026-01-18
D0051,Sivasagar,Assam,4199391,3708251,2936037,772214,0.883,296,6.19,0.0892,2012-09-23,2026-01-18
D0052,Sonitpur,Assam,4898165,3690544,2647636,1042908,0.7535,118,7.35,0.0536,2012-08-15,2026-01-18
D0053,Tinsukia,Assam,2788627,2208813,1551854,656959,0.7921,481,25.17,0.0585,2010-12-23,2026-01-18
D0054,Udalguri,Assam,788790,600690,506004,94686,0.7615,149,6.13,0.0624,2012-02-01,2026-01-18
D0055,Araria,Bihar,4966271,4745557,3790770,954787,0.9556,53,20.4,0.1421,2010-09-15,2026-01-18
D0056,Arwal,Bihar,549115,489034,411294,77740,0.8906,201,21.93,0.0903,2012-08-14,2026-01-18
D0057,Aurangabad,Bihar,3484626,3299778,2619663,680115,0.947,114,29.03,0.1367,2010-10-12,2026-01-18
D0058,Banka,Bihar,4803244,3849806,2912720,937086,0.8015,302,7.36,0.1056,2012-04-28,2026-01-18
D0059,Begusarai,Bihar,3146791,2651156,2126868,524288,0.8425,467,11.52,0.0794,2012-04-05,2026-01-18
D0060,Bhagalpur,Bihar,3422097,3083125,2563990,519135,0.9009,469,15.45,0.1455,2011-11-07,2026-01-18
D0061,Bhojpur,Bihar,3140328,2783727,2189091,594636,0.8864,148,15.32,0.0621,2010-04-06,2026-01-18
D0062,Buxar,Bihar,4622263,4428627,3473283,955344,0.9581,317,15.72,0.1151,2010-08-05,2026-01-18
D0063,Darbhanga,Bihar,3831869,3703933,2873466,830467,0.9666,417,14.74,0.0517,2012-11-08,2026-01-18
D0064,East Champaran,Bihar,2775504,2117255,1786500,330755,0.7628,452,7.28,0.0547,2011-12-19,2026-01-18
D0065,Gaya,Bihar,4746238,4642512,3649087,993425,0.9781,416,7.08,0.0228,2011-01-31,2026-01-18
D0066,Gopalganj,Bihar,2817336,2487394,1820546,666848,0.8829,102,24.79,0.1205,2010-04-19,2026-01-18
D0067,Jamui,Bihar,1701193,1673666,1421594,252072,0.9838,171,16.04,0.1343,2010-08-23,2026-01-18
D0068,Jehanabad,Bihar,3735658,2906700,2097035,809665,0.7781,123,25.92,0.1314,2010-06-19,2026-01-18
D0069,Kaimur,Bihar,1218216,1153950,930010,223940,0.9472,54,17.83,0.0427,2011-05-15,2026-01-18
D0070,Katihar,Bihar,2033584,1987502,1685203,302299,0.9773,181,13.76,0.1091,2011-03-21,2026-01-18
D0071,Khagaria,Bihar,4942987,4369684,3336836,1032848,0.884,395,13.26,0.0708,2010-06-22,2026-01-18
D0072,Kishanganj,Bihar,4387857,3784432,2681063,1103369,0.8625,366,25.57,0.1142,2011-01-22,2026-01-18
D0073,Lakhisarai,Bihar,2887312,2222923,1732225,490698,0.7699,166,29.08,0.0117,2011-11-03,2026-01-18
D0074,Madhepura,Bihar,1321052,1093097,772284,320813,0.8274,262,29.82,0.0203,2010-02-16,2026-01-18
D0075,Madhubani,Bihar,2614792,2097152,1560646,536506,0.802,50,20.69,0.0918,2011-10-18,2026-01-18
D0076,Munger,Bihar,3818230,2905318,2156165,749153,0.7609,273,6.45,0.0652,2011-10-30,2026-01-18
D0077,Muzaffarpur,Bihar,660775,522490,416438,106052,0.7907,185,13.83,0.0917,2012-01-02,2026-01-18
D0078,Nalanda,Bihar,4666500,4591158,3892988,698170,0.9839,496,18.4,0.0533,2011-04-06,2026-01-18
D0079,Nawada,Bihar,2679996,2095661,1490916,604745,0.782,439,28.74,0.1116,2011-03-26,2026-01-18
D0080,Patna,Bihar,3580201,3486596,2893559,593037,0.9739,414,9.12,0.0676,2011-01-09,2026-01-18
D0081,Purnia,Bihar,527712,456623,387121,69502,0.8653,316,19.85,0.0633,2012-04-06,2026-01-18
D0082,Rohtas,Bihar,1883194,1669601,1184626,484975,0.8866,154,15.37,0.0483,2012-04-02,2026-01-18
D0083,Saharsa,Bihar,1823483,1723366,1464788,258578,0.9451,407,27.83,0.0919,2011-11-08,2026-01-18
D0084,Samastipur,Bihar,663273,557603,410486,147117,0.8407,415,11.29,0.0485,2011-03-25,2026-01-18
D0085,Saran,Bihar,4540479,3456463,2558822,897641,0.7613,88,21.79,0.0828,2010-04-28,2026-01-18
D0086,Sheikhpura,Bihar,3215514,2649154,2178817,470337,0.8239,285,19.02,0.1327,2011-02-05,2026-01-18
D0087,Sheohar,Bihar,3136694,2920992,2316482,604510,0.9312,115,25.13,0.1364,2012-02-03,2026-01-18
D0088,Sitamarhi,Bihar,4701253,4212045,3350667,861378,0.8959,384,15.94,0.1366,2010-09-06,2026-01-18
D0089,Siwan,Bihar,1864133,1599833,1338373,261460,0.8582,79,20.55,0.1307,2010-05-13,2026-01-18
D0090,Supaul,Bihar,3030179,2606690,2153943,452747,0.8602,322,11.46,0.0743,2011-06-30,2026-01-18
D0091,Vaishali,Bihar,2349396,1957937,1431975,525962,0.8334,92,11.0,0.0206,2012-01-31,2026-01-18
D0092,West Champaran,Bihar,3857519,3033771,2186815,846956,0.7865,57,9.5,0.1075,2010-10-08,2026-01-18
D0093,Balod,Chhattisgarh,1805794,1733266,1347242,386024,0.9598,209,9.31,0.0369,2012-10-25,2026-01-18
D0094,Baloda Bazar,Chhattisgarh,2882357,2223129,1596418,626711,0.7713,282,13.9,0.1352,2012-03-04,2026-01-18
D0095,Balrampur,Chhattisgarh,3000856,2597165,2085959,511206,0.8655,105,26.84,0.1389,2010-12-03,2026-01-18
D0096,Bastar,Chhattisgarh,2787623,2591325,1885650,705675,0.9296,256,18.41,0.1394,2011-06-10,2026-01-18
D0097,Bemetara,Chhattisgarh,1315131,1102788,848463,254325,0.8385,414,6.56,0.0307,2012-06-01,2026-01-18
D0098,Bijapur,Chhattisgarh,2471206,2260955,1869054,391901,0.9149,412,18.3,0.025,2012-03-16,2026-01-18
D0099,Bilaspur,Chhattisgarh,3418258,2762611,2045399,717212,0.8082,77,5.5,0.0551,2010-03-27,2026-01-18
D0100,Dantewada,Chhattisgarh,1270173,989138,824524,164614,0.7787,261,16.85,0.0597,2010-08-21,2026-01-18
D0101,Dhamtari,Chhattisgarh,2197900,1901402,1497601,403801,0.8651,83,18.94,0.0921,2012-01-18,2026-01-18
D0102,Durg,Chhattisgarh,3193714,2685611,2015865,669746,0.8409,229,21.15,0.0899,2010-11-11,2026-01-18
D0103,Gariaband,Chhattisgarh,1303692,1081130,908207,172923,0.8293,486,7.54,0.0314,2011-09-16,2026-01-18
D0104,Janjgir-Champa,Chhattisgarh,2755363,2629156,1875069,754087,0.9542,399,9.33,0.1355,2012-01-29,2026-01-18
D0105,Jashpur,Chhattisgarh,4168866,3651437,2780786,870651,0.8759,85,29.93,0.1355,2011-04-13,2026-01-18
D0106,Kabirdham,Chhattisgarh,3594235,3487036,2443697,1043339,0.9702,167,11.45,0.0339,2012-08-04,2026-01-18
D0107,Kanker,Chhattisgarh,2857821,2780803,2178799,602004,0.9731,441,16.92,0.1274,2010-11-22,2026-01-18
D0108,Kondagaon,Chhattisgarh,564323,480862,373216,107646,0.8521,162,18.25,0.109,2011-10-16,2026-01-18
D0109,Korba,Chhattisgarh,1550493,1220310,942288,278022,0.787,308,6.3,0.0571,2010-01-10,2026-01-18
D0110,Koriya,Chhattisgarh,4257974,3754431,2741709,1012722,0.8817,217,25.25,0.0456,2010-11-25,2026-01-18
D0111,Mahasamund,Chhattisgarh,2485296,1933577,1490739,442838,0.778,87,15.3,0.0588,2010-11-14,2026-01-18
D0112,Mungeli,Chhattisgarh,1286667,1091150,916501,174649,0.848,186,10.13,0.0631,2011-05-28,2026-01-18
D0113,Narayanpur,Chhattisgarh,4306503,3975691,2811665,1164026,0.9232,398,8.49,0.1213,2010-09-27,2026-01-18
D0114,Raigarh,Chhattisgarh,3545179,2798129,2027635,770494,0.7893,54,10.89,0.0987,2011-07-28,2026-01-18
D0115,Raipur,Chhattisgarh,1562636,1392611,1117496,275115,0.8912,377,15.98,0.0628,2011-02-26,2026-01-18
D0116,Rajnandgaon,Chhattisgarh,3586176,3333086,2584501,748585,0.9294,202,13.88,0.0648,2012-03-31,2026-01-18
D0117,Sukma,Chhattisgarh,1453959,1170387,914572,255815,0.805,247,28.5,0.0979,2011-07-08,2026-01-18
D0118,Surajpur,Chhattisgarh,3077855,2431552,2022551,409001,0.79,338,18.34,0.1351,2011-02-24,2026-01-18
D0119,Surguja,Chhattisgarh,2432728,2006546,1479372,527174,0.8248,488,8.58,0.0386,2011-06-01,2026-01-18
D0120,Central Delhi,Delhi,3631209,3021527,2487286,534241,0.8321,208,14.47,0.074,2012-08-05,2026-01-18
D0121,East Delhi,Delhi,3948503,3437366,2684510,752856,0.8705,206,10.73,0.1111,2010-05-10,2026-01-18
D0122,New Delhi,Delhi,2580154,2332137,1875253,456884,0.9039,341,22.9,0.0939,2010-01-11,2026-01-18
D0123,North Delhi,Delhi,888349,859946,677215,182731,0.968,249,15.59,0.0503,2010-12-29,2026-01-18
D0124,North East Delhi,Delhi,4827819,4677406,3371789,1305617,0.9688,259,20.29,0.0125,2012-04-07,2026-01-18
D0125,North West Delhi,Delhi,2551531,1976239,1655717,320522,0.7745,182,28.06,0.109,2012-10-05,2026-01-18
D0126,Shahdara,Delhi,1000315,840129,596775,243354,0.8399,100,23.41,0.1408,2012-02-18,2026-01-18
D0127,South Delhi,Delhi,2502324,1976147,1438532,537615,0.7897,362,13.3,0.0536,2011-01-06,2026-01-18
D0128,South East Delhi,Delhi,2529454,2139312,1515091,624221,0.8458,186,10.14,0.1203,2012-07-25,2026-01-18
D0129,South West Delhi,Delhi,4735042,4003764,3125375,878389,0.8456,124,28.07,0.0752,2011-04-20,2026-01-18
D0130,West Delhi,Delhi,2587258,2221244,1629706,591538,0.8585,413,27.82,0.0448,2010-01-25,2026-01-18
D0131,North Goa,Goa,1878246,1483294,1045843,437451,0.7897,210,14.06,0.0913,2011-10-24,2026-01-18
D0132,South Goa,Goa,1795302,1766810,1358408,408402,0.9841,197,15.37,0.0219,2011-07-15,2026-01-18
D0133,Ahmedabad,Gujarat,3797606,3390853,2407714,983139,0.8929,264,15.67,0.122,2010-02-01,2026-01-18
D0134,Amreli,Gujarat,3819260,3297152,2587361,709791,0.8633,67,12.35,0.11,2012-10-06,2026-01-18
D0135,Anand,Gujarat,4592097,4033098,3114209,918889,0.8783,271,18.99,0.0317,2012-07-13,2026-01-18
D0136,Aravalli,Gujarat,3948678,3675346,2722862,952484,0.9308,415,18.16,0.1221,2010-02-24,2026-01-18
D0137,Banaskantha,Gujarat,3595900,3049022,2386647,662375,0.8479,372,10.78,0.1041,2010-11-24,2026-01-18
D0138,Bharuch,Gujarat,3046741,2533136,1989566,543570,0.8314,100,21.32,0.0433,2010-04-06,2026-01-18
D0139,Bhavnagar,Gujarat,2422135,2236463,1852584,383879,0.9233,449,14.93,0.1035,2011-04-14,2026-01-18
D0140,Botad,Gujarat,1111213,911589,760675,150914,0.8204,56,20.83,0.113,2010-05-27,2026-01-18
D0141,Chhota Udaipur,Gujarat,4839235,4376130,3525374,850756,0.9043,434,25.44,0.0579,2012-01-16,2026-01-18
D0142,Dahod,Gujarat,4316446,3630675,2862947,767728,0.8411,445,25.77,0.0583,2012-06-23,2026-01-18
D0143,Dang,Gujarat,2989569,2859990,2096162,763828,0.9567,391,24.49,0.026,2011-09-24,2026-01-18
D0144,Devbhoomi Dwarka,Gujarat,4761946,4593813,3766826,826987,0.9647,258,17.12,0.0817,2011-06-05,2026-01-18
D0145,Gandhinagar,Gujarat,3156807,2897074,2202884,694190,0.9177,250,8.48,0.1269,2010-01-04,2026-01-18
D0146,Gir Somnath,Gujarat,1786585,1726086,1387226,338860,0.9661,342,5.46,0.138,2010-02-11,2026-01-18
D0147,Jamnagar,Gujarat,1980035,1721723,1222554,499169,0.8695,214,21.29,0.1262,2010-12-08,2026-01-18
D0148,Junagadh,Gujarat,1216756,989568,732255,257313,0.8133,268,19.94,0.0941,2012-03-31,2026-01-18
D0149,Kheda,Gujarat,4918441,4768226,3637277,1130949,0.9695,239,17.97,0.0166,2012-10-16,2026-01-18
D0150,Kutch,Gujarat,3837920,2954705,2335613,619092,0.7699,331,6.71,0.1272,2010-01-11,2026-01-18
D0151,Mahisagar,Gujarat,1376031,1334369,1078476,255893,0.9697,281,19.16,0.0766,2011-09-15,2026-01-18
D0152,Mehsana,Gujarat,4631479,4514946,3656590,858356,0.9748,338,11.75,0.0856,2012-08-15,2026-01-18
D0153,Morbi,Gujarat,1179418,1053506,790273,263233,0.8932,203,16.86,0.0582,2010-10-23,2026-01-18
D0154,Narmada,Gujarat,3438496,2987770,2399957,587813,0.8689,91,16.49,0.0206,2010-04-18,2026-01-18
D0155,Navsari,Gujarat,4376274,3568041,2813523,754518,0.8153,324,12.86,0.123,2012-03-27,2026-01-18
D0156,Panchmahal,Gujarat,928988,872880,701432,171448,0.9396,352,7.17,0.1441,2010-12-05,2026-01-18
D0157,Patan,Gujarat,1691902,1596435,1275260,321175,0.9436,423,20.93,0.1473,2011-04-11,2026-01-18
D0158,Porbandar,Gujarat,1275435,1024289,868750,155539,0.8031,414,21.75,0.0162,2012-11-05,2026-01-18
D0159,Rajkot,Gujarat,4313270,3810315,2937682,872633,0.8834,440,5.85,0.1076,2010-05-17,2026-01-18
D0160,Sabarkantha,Gujarat,2939855,2286230,1744997,541233,0.7777,131,23.63,0.0177,2012-09-21,2026-01-18
D0161,Surat,Gujarat,3682993,3224034,2568529,655505,0.8754,63,19.91,0.0422,2010-07-07,2026-01-18
D0162,Surendranagar,Gujarat,3047500,2341908,1883932,457976,0.7685,473,16.03,0.0666,2010-02-08,2026-01-18
D0163,Tapi,Gujarat,4095790,3862143,3015407,846736,0.943,458,23.45,0.0828,2011-05-08,2026-01-18
D0164,Vadodara,Gujarat,3200713,3073963,2344283,729680,0.9604,276,26.75,0.013,2012-01-29,2026-01-18
D0165,Valsad,Gujarat,4577151,4310339,3662452,647887,0.9417,78,24.18,0.0663,2010-09-02,2026-01-18
D0166,Ambala,Haryana,2872280,2554553,1892292,662261,0.8894,426,24.21,0.0685,2010-12-06,2026-01-18
D0167,Bhiwani,Haryana,2629885,1974525,1520575,453950,0.7508,425,12.18,0.0515,2010-10-20,2026-01-18
D0168,Charkhi Dadri,Haryana,1770464,1714661,1211862,502799,0.9685,448,14.61,0.1052,2010-07-06,2026-01-18
D0169,Faridabad,Haryana,3688729,3473002,2566018,906984,0.9415,429,15.44,0.1331,2010-01-11,2026-01-18
D0170,Fatehabad,Haryana,1058924,1045586,848496,197090,0.9874,309,10.79,0.142,2012-06-03,2026-01-18
D0171,Gurugram,Haryana,2924050,2552827,1875307,677520,0.873,275,14.6,0.0151,2011-05-21,2026-01-18
D0172,Hisar,Haryana,1735202,1645473,1349477,295996,0.9483,103,29.23,0.1337,2012-11-09,2026-01-18
D0173,Jhajjar,Haryana,3795097,3324533,2456946,867587,0.876,468,23.96,0.1074,2010-08-04,2026-01-18
D0174,Jind,Haryana,4587810,4339150,3183487,1155663,0.9458,169,23.7,0.0149,2011-08-03,2026-01-18
D0175,Kaithal,Haryana,534701,511404,393072,118332,0.9564,489,11.64,0.0281,2012-07-09,2026-01-18
D0176,Karnal,Haryana,3210241,3071913,2523353,548560,0.9569,89,28.29,0.1129,2012-09-10,2026-01-18
D0177,Kurukshetra,Haryana,3489179,2928974,2164403,764571,0.8394,438,6.22,0.0846,2010-02-06,2026-01-18
D0178,Mahendragarh,Haryana,903119,825434,587229,238205,0.914,130,6.54,0.1336,2010-11-14,2026-01-18
D0179,Nuh,Haryana,3123836,3022509,2374778,647731,0.9676,89,21.95,0.0892,2010-08-04,2026-01-18
D0180,Palwal,Haryana,2866610,2747240,2024146,723094,0.9584,108,26.68,0.1092,2010-12-29,2026-01-18
D0181,Panchkula,Haryana,2255692,2069356,1659667,409689,0.9174,240,22.47,0.0365,2010-05-13,2026-01-18
D0182,Panipat,Haryana,548874,538289,414385,123904,0.9807,80,25.65,0.028,2010-12-29,2026-01-18
D0183,Rewari,Haryana,970452,901008,652432,248576,0.9284,405,18.9,0.1159,2010-10-22,2026-01-18
D0184,Rohtak,Haryana,988972,888158,752427,135731,0.8981,66,7.9,0.0627,2011-03-24,2026-01-18
D0185,Sirsa,Haryana,4463735,4224849,3038795,1186054,0.9465,463,5.46,0.0705,2012-09-20,2026-01-18
D0186,Sonipat,Haryana,823390,695036,505238,189798,0.8441,86,7.56,0.1412,2011-04-29,2026-01-18
D0187,Yamunanagar,Haryana,638563,525046,423305,101741,0.8222,455,22.71,0.0763,2010-01-22,2026-01-18
D0188,Bilaspur,Himachal Pradesh,2542999,1935166,1607601,327565,0.761,241,21.9,0.0724,2012-02-02,2026-01-18
D0189,Chamba,Himachal Pradesh,3273939,3051256,2147132,904124,0.932,444,25.54,0.0621,2012-08-04,2026-01-18
D0190,Hamirpur,Himachal Pradesh,2886378,2638123,2023138,614985,0.914,479,16.71,0.1422,2011-02-01,2026-01-18
D0191,Kangra,Himachal Pradesh,3481352,2747725,2250995,496730,0.7893,206,12.46,0.1276,2012-08-31,2026-01-18
D0192,Kinnaur,Himachal Pradesh,1420597,1110225,921717,188508,0.7815,431,8.78,0.0705,2010-01-21,2026-01-18
D0193,Kullu,Himachal Pradesh,1910706,1558776,1321213,237563,0.8158,306,13.02,0.1114,2012-10-05,2026-01-18
D0194,Lahaul and Spiti,Himachal Pradesh,844855,708365,587697,120668,0.8384,257,18.58,0.0323,2012-09-11,2026-01-18
D0195,Mandi,Himachal Pradesh,2942266,2803237,2282265,520972,0.9527,436,24.92,0.0512,2011-01-13,2026-01-18
D0196,Shimla,Himachal Pradesh,1018349,909995,719893,190102,0.8936,389,15.76,0.0381,2012-10-13,2026-01-18
D0197,Sirmaur,Himachal Pradesh,3374299,2582722,2033365,549357,0.7654,166,19.76,0.0707,2012-12-23,2026-01-18
D0198,Solan,Himachal Pradesh,1109996,872345,671435,200910,0.7859,369,14.89,0.1465,2010-06-15,2026-01-18
D0199,Una,Himachal Pradesh,3278655,2975956,2421115,554841,0.9077,151,27.7,0.1114,2011-02-05,2026-01-18
D0200,Bokaro,Jharkhand,1936536,1717740,1207150,510590,0.887,359,20.45,0.1083,2011-12-15,2026-01-18
D0201,Chatra,Jharkhand,2278599,1714292,1283951,430341,0.7523,51,18.36,0.1336,2011-08-12,2026-01-18
D0202,Deoghar,Jharkhand,2447763,2046017,1531063,514954,0.8359,215,19.19,0.1065,2010-05-23,2026-01-18
D0203,Dhanbad,Jharkhand,4500737,3420038,2737938,682100,0.7599,409,20.91,0.1089,2010-01-09,2026-01-18
D0204,Dumka,Jharkhand,3357733,3015194,2387857,627337,0.898,90,22.73,0.1319,2010-04-21,2026-01-18
D0205,East Singhbhum,Jharkhand,2097690,1817135,1452114,365021,0.8663,257,18.69,0.1244,2011-02-14,2026-01-18
D0206,Garhwa,Jharkhand,2368670,2142364,1668816,473548,0.9045,411,15.97,0.1115,2012-11-01,2026-01-18
D0207,Giridih,Jharkhand,4835702,4381487,3382034,999453,0.9061,292,10.48,0.1466,2011-11-16,2026-01-18
D0208,Godda,Jharkhand,2549927,2445991,1871301,574690,0.9592,337,17.45,0.0878,2012-07-02,2026-01-18
D0209,Gumla,Jharkhand,4448242,3580074,3041094,538980,0.8048,410,17.33,0.0214,2012-01-25,2026-01-18
D0210,Hazaribagh,Jharkhand,2822466,2266255,1728608,537647,0.8029,256,11.44,0.0748,2012-05-11,2026-01-18
D0211,Jamtara,Jharkhand,3105214,2638866,2182175,456691,0.8498,342,13.65,0.0619,2011-06-16,2026-01-18
D0212,Khunti,Jharkhand,4531419,3442184,2857201,584983,0.7596,145,19.7,0.0141,2012-05-15,2026-01-18
D0213,Koderma,Jharkhand,1963807,1758560,1388661,369899,0.8955,469,15.54,0.0488,2010-07-05,2026-01-18
D0214,Latehar,Jharkhand,1590805,1330225,1007747,322478,0.8362,67,20.79,0.1126,2012-05-16,2026-01-18
D0215,Lohardaga,Jharkhand,3118137,2874292,2403928,470364,0.9218,136,20.81,0.0622,2010-01-02,2026-01-18
D0216,Pakur,Jharkhand,4459076,4258651,3295521,963130,0.9551,367,7.43,0.0667,2010-01-14,2026-01-18
D0217,Palamu,Jharkhand,2698611,2407992,1744659,663333,0.8923,428,12.8,0.0659,2010-09-18,2026-01-18
D0218,Ramgarh,Jharkhand,4671774,4163573,3288419,875154,0.8912,213,29.25,0.0735,2012-10-30,2026-01-18
D0219,Ranchi,Jharkhand,3154837,2494661,1940761,553900,0.7907,315,21.73,0.0304,2010-05-13,2026-01-18
D0220,Sahebganj,Jharkhand,3366451,2999818,2526709,473109,0.8911,362,9.18,0.0335,2011-11-18,2026-01-18
D0221,Seraikela Kharsawan,Jharkhand,1826283,1577746,1304205,273541,0.8639,93,16.16,0.131,2011-09-12,2026-01-18
D0222,Simdega,Jharkhand,4122138,3202327,2371202,831125,0.7769,179,8.07,0.0424,2010-10-09,2026-01-18
D0223,West Singhbhum,Jharkhand,1707068,1542507,1131745,410762,0.9036,294,7.21,0.0245,2011-11-22,2026-01-18
D0224,Bagalkot,Karnataka,2893293,2647854,2011328,636526,0.9152,291,29.13,0.0107,2010-08-05,2026-01-18
D0225,Ballari,Karnataka,2424401,2384503,1876644,507859,0.9835,233,17.89,0.0784,2010-05-31,2026-01-18
D0226,Belagavi,Karnataka,3406495,2663373,1921707,741666,0.7819,483,10.05,0.1043,2010-05-09,2026-01-18
D0227,Bengaluru Rural,Karnataka,2049302,1867784,1431773,436011,0.9114,54,29.08,0.0457,2010-11-07,2026-01-18
D0228,Bengaluru Urban,Karnataka,996758,973540,781253,192287,0.9767,163,11.1,0.1263,2010-10-30,2026-01-18
D0229,Bidar,Karnataka,1776647,1660178,1190291,469887,0.9344,394,22.24,0.1047,2012-12-12,2026-01-18
D0230,Chamarajanagar,Karnataka,4605519,4173963,2988511,1185452,0.9063,269,8.98,0.0947,2011-07-29,2026-01-18
D0231,Chikkaballapur,Karnataka,3127144,2995632,2543293,452339,0.9579,318,24.56,0.0894,2011-05-04,2026-01-18
D0232,Chikkamagaluru,Karnataka,1019777,863744,646991,216753,0.847,151,15.95,0.1362,2011-02-01,2026-01-18
D0233,Chitradurga,Karnataka,4531464,3743564,3108412,635152,0.8261,178,8.01,0.0862,2011-12-26,2026-01-18
D0234,Dakshina Kannada,Karnataka,2076590,1871526,1481265,390261,0.9013,192,22.39,0.0644,2010-11-01,2026-01-18
D0235,Davanagere,Karnataka,3785727,3178422,2333249,845173,0.8396,316,20.09,0.1035,2012-04-21,2026-01-18
D0236,Dharwad,Karnataka,3091661,2690075,2101902,588173,0.8701,377,17.98,0.0771,2011-09-21,2026-01-18
D0237,Gadag,Karnataka,2880932,2436454,1917552,518902,0.8457,349,16.92,0.0652,2010-12-09,2026-01-18
D0238,Hassan,Karnataka,2586213,2403238,1940190,463048,0.9293,476,5.46,0.0374,2012-10-11,2026-01-18
D0239,Haveri,Karnataka,1487471,1346747,1124135,222612,0.9054,330,21.37,0.0632,2010-11-20,2026-01-18
D0240,Kalaburagi,Karnataka,4117556,3561702,2597135,964567,0.865,383,17.15,0.0459,2011-05-09,2026-01-18
D0241,Kodagu,Karnataka,3288890,3200436,2495824,704612,0.9731,185,12.78,0.0954,2010-01-02,2026-01-18
D0242,Kolar,Karnataka,1198956,1018215,731366,286849,0.8493,312,22.03,0.0354,2012-06-27,2026-01-18
D0243,Koppal,Karnataka,4757950,4378128,3134877,1243251,0.9202,475,9.63,0.1385,2011-07-13,2026-01-18
D0244,Mandya,Karnataka,1494170,1121554,892418,229136,0.7506,326,27.11,0.0419,2011-06-05,2026-01-18
D0245,Mysuru,Karnataka,1021998,916359,697948,218411,0.8966,174,27.65,0.1178,2012-12-08,2026-01-18
D0246,Raichur,Karnataka,2829753,2295933,1711179,584754,0.8114,201,25.57,0.0693,2012-05-06,2026-01-18
D0247,Ramanagara,Karnataka,4928690,4434471,3404632,1029839,0.8997,291,8.82,0.0429,2011-11-04,2026-01-18
D0248,Shivamogga,Karnataka,1366964,1056624,743383,313241,0.773,192,10.76,0.0389,2011-10-12,2026-01-18
D0249,Tumakuru,Karnataka,4900072,4134766,3263039,871727,0.8438,303,8.54,0.0484,2010-09-20,2026-01-18
D0250,Udupi,Karnataka,757681,641783,490469,151314,0.847,216,23.11,0.0122,2011-12-01,2026-01-18
D0251,Uttara Kannada,Karnataka,1993293,1544774,1249182,295592,0.775,91,27.64,0.1182,2010-02-05,2026-01-18
D0252,Vijayapura,Karnataka,3758084,3625069,2641878,983191,0.9646,185,14.17,0.0581,2012-09-25,2026-01-18
D0253,Yadgir,Karnataka,4810796,4207398,2987849,1219549,0.8746,54,6.75,0.0996,2012-02-15,2026-01-18
D0254,Alappuzha,Kerala,4859879,4404073,3434928,969145,0.9062,430,16.42,0.0366,2011-12-28,2026-01-18
D0255,Ernakulam,Kerala,1280641,1097668,823289,274379,0.8571,199,19.06,0.1441,2010-10-14,2026-01-18
D0256,Idukki,Kerala,4501070,3592862,2803776,789086,0.7982,495,15.57,0.1251,2012-11-01,2026-01-18
D0257,Kannur,Kerala,808623,735506,602612,132894,0.9096,193,14.56,0.0268,2011-09-19,2026-01-18
D0258,Kasaragod,Kerala,810375,611676,495810,115866,0.7548,297,18.5,0.1279,2010-05-29,2026-01-18
D0259,Kollam,Kerala,2814181,2284246,1868936,415310,0.8117,337,8.19,0.1256,2012-01-08,2026-01-18
D0260,Kottayam,Kerala,3115804,2363893,1762209,601684,0.7587,163,13.54,0.0633,2012-02-09,2026-01-18
D0261,Kozhikode,Kerala,3824664,3376843,2518546,858297,0.8829,229,11.99,0.1419,2010-11-07,2026-01-18
D0262,Malappuram,Kerala,4235466,3760674,2952077,808597,0.8879,293,10.21,0.1403,2010-02-11,2026-01-18
D0263,Palakkad,Kerala,3378117,3196333,2419922,776411,0.9462,265,18.31,0.111,2012-12-26,2026-01-18
D0264,Pathanamthitta,Kerala,4657263,3729889,3068990,660899,0.8009,448,15.07,0.0343,2010-05-10,2026-01-18
D0265,Thiruvananthapuram,Kerala,4615362,3844891,3254090,590801,0.8331,305,28.32,0.0905,2010-09-10,2026-01-18
D0266,Thrissur,Kerala,3447893,2845527,2250685,594842,0.8253,370,20.16,0.1171,2011-01-16,2026-01-18
D0267,Wayanad,Kerala,3132578,3065764,2525515,540249,0.9787,190,14.19,0.0195,2012-09-20,2026-01-18
D0268,Agar Malwa,Madhya Pradesh,1565923,1225240,1034675,190565,0.7824,493,24.42,0.0271,2010-04-02,2026-01-18
D0269,Alirajpur,Madhya Pradesh,4375358,3813010,2920486,892524,0.8715,365,26.29,0.01,2010-02-12,2026-01-18
D0270,Anuppur,Madhya Pradesh,2421277,2166105,1634802,531303,0.8946,336,6.53,0.1193,2012-02-17,2026-01-18
D0271,Ashoknagar,Madhya Pradesh,4012664,3065512,2603324,462188,0.764,302,20.49,0.0516,2012-09-09,2026-01-18
D0272,Balaghat,Madhya Pradesh,4360562,3449028,2452929,996099,0.791,205,12.58,0.0241,2011-02-04,2026-01-18
D0273,Barwani,Madhya Pradesh,4211584,3673601,3120740,552861,0.8723,322,10.82,0.0409,2012-03-30,2026-01-18
D0274,Betul,Madhya Pradesh,2044613,1742541,1253943,488598,0.8523,165,15.12,0.1016,2011-04-28,2026-01-18
D0275,Bhind,Madhya Pradesh,2956070,2589875,2000018,589857,0.8761,278,14.68,0.1449,2011-01-21,2026-01-18
D0276,Bhopal,Madhya Pradesh,4757341,4117586,2894164,1223422,0.8655,128,19.55,0.1053,2012-06-19,2026-01-18
D0277,Burhanpur,Madhya Pradesh,2038112,1686823,1391874,294949,0.8276,262,9.97,0.019,2011-11-03,2026-01-18
D0278,Chhatarpur,Madhya Pradesh,1852144,1437887,1124706,313181,0.7763,240,17.48,0.0472,2011-09-21,2026-01-18
D0279,Chhindwara,Madhya Pradesh,1559325,1225647,917643,308004,0.786,301,21.29,0.1235,2011-07-08,2026-01-18
D0280,Damoh,Madhya Pradesh,1928080,1888130,1544557,343573,0.9793,442,28.57,0.1232,2010-01-29,2026-01-18
D0281,Datia,Madhya Pradesh,804224,765467,540239,225228,0.9518,493,24.53,0.1255,2012-01-29,2026-01-18
D0282,Dewas,Madhya Pradesh,3018970,2590366,1901444,688922,0.858,450,6.67,0.0826,2011-04-12,2026-01-18
D0283,Dhar,Madhya Pradesh,1465188,1358205,1055098,303107,0.927,150,6.2,0.0153,2010-03-28,2026-01-18
D0284,Dindori,Madhya Pradesh,4075168,3126877,2222235,904642,0.7673,201,5.89,0.0812,2010-08-20,2026-01-18
D0285,Guna,Madhya Pradesh,4835518,3970775,2987831,982944,0.8212,448,28.56,0.1197,2011-07-17,2026-01-18
D0286,Gwalior,Madhya Pradesh,1707786,1449759,1134352,315407,0.8489,401,6.72,0.0694,2012-09-18,2026-01-18
D0287,Harda,Madhya Pradesh,4733583,4649734,3460874,1188860,0.9823,305,10.7,0.1466,2011-04-08,2026-01-18
D0288,Hoshangabad,Madhya Pradesh,3116241,2344979,1731326,613653,0.7525,373,24.37,0.1001,2011-01-13,2026-01-18
D0289,Indore,Madhya Pradesh,4518365,4360201,3262879,1097322,0.965,213,12.32,0.1472,2011-01-09,2026-01-18
D0290,Jabalpur,Madhya Pradesh,2181076,2117544,1647693,469851,0.9709,337,21.41,0.0279,2012-02-22,2026-01-18
D0291,Jhabua,Madhya Pradesh,2000071,1787358,1276623,510735,0.8936,364,18.75,0.0644,2012-02-29,2026-01-18
D0292,Katni,Madhya Pradesh,2019603,1631367,1171688,459679,0.8078,337,17.4,0.0118,2010-05-02,2026-01-18
D0293,Khandwa,Madhya Pradesh,2717181,2599605,2149813,449792,0.9567,282,18.6,0.099,2012-10-18,2026-01-18
D0294,Khargone,Madhya Pradesh,1366183,1269957,995229,274728,0.9296,200,21.4,0.0348,2011-08-21,2026-01-18
D0295,Mandla,Madhya Pradesh,1765898,1438570,1123427,315143,0.8146,318,9.12,0.0284,2011-04-08,2026-01-18
D0296,Mandsaur,Madhya Pradesh,817875,773929,566536,207393,0.9463,456,26.02,0.1126,2011-02-25,2026-01-18
D0297,Morena,Madhya Pradesh,2664412,2473697,1958651,515046,0.9284,167,19.13,0.1064,2010-04-18,2026-01-18
D0298,Narsinghpur,Madhya Pradesh,1295928,1208672,875091,333581,0.9327,411,18.95,0.1236,2011-05-30,2026-01-18
D0299,Neemuch,Madhya Pradesh,2898083,2242544,1704836,537708,0.7738,411,21.44,0.0535,2010-10-29,2026-01-18
D0300,Panna,Madhya Pradesh,3725830,3344285,2686071,658214,0.8976,161,24.59,0.0876,2011-08-21,2026-01-18
D0301,Raisen,Madhya Pradesh,2181641,2034680,1435053,599627,0.9326,258,5.28,0.1149,2012-11-09,2026-01-18
D0302,Rajgarh,Madhya Pradesh,3763050,3505294,2896408,608886,0.9315,119,26.92,0.1495,2010-05-12,2026-01-18
D0303,Ratlam,Madhya Pradesh,3121038,2676809,2163693,513116,0.8577,73,10.43,0.0293,2012-04-01,2026-01-18
D0304,Rewa,Madhya Pradesh,1812743,1437159,1012278,424881,0.7928,479,13.89,0.1212,2012-11-09,2026-01-18
D0305,Sagar,Madhya Pradesh,1838486,1764621,1370257,394364,0.9598,52,6.62,0.0912,2012-12-14,2026-01-18
D0306,Satna,Madhya Pradesh,986275,752205,581446,170759,0.7627,207,25.12,0.0478,2010-03-01,2026-01-18
D0307,Sehore,Madhya Pradesh,1396816,1260986,910873,350113,0.9028,201,13.36,0.1199,2012-09-24,2026-01-18
D0308,Seoni,Madhya Pradesh,4183444,3929373,3055442,873931,0.9393,481,14.34,0.0271,2010-04-23,2026-01-18
D0309,Shahdol,Madhya Pradesh,2328022,1877796,1419075,458721,0.8066,162,19.96,0.113,2012-08-28,2026-01-18
D0310,Shajapur,Madhya Pradesh,3143061,2842004,2168981,673023,0.9042,309,17.4,0.035,2011-02-03,2026-01-18
D0311,Sheopur,Madhya Pradesh,4331342,4121499,3122344,999155,0.9516,186,28.76,0.0384,2011-05-15,2026-01-18
D0312,Shivpuri,Madhya Pradesh,4396892,4331445,3139405,1192040,0.9851,156,5.6,0.1264,2011-12-11,2026-01-18
D0313,Sidhi,Madhya Pradesh,2650224,2578954,2108004,470950,0.9731,452,11.48,0.0702,2011-08-04,2026-01-18
D0314,Singrauli,Madhya Pradesh,1087100,935792,722558,213234,0.8608,454,16.45,0.0776,2011-09-30,2026-01-18
D0315,Tikamgarh,Madhya Pradesh,2077969,2012001,1643869,368132,0.9683,149,24.14,0.0322,2010-07-07,2026-01-18
D0316,Ujjain,Madhya Pradesh,2211672,2057584,1643069,414515,0.9303,85,5.34,0.0496,2011-09-10,2026-01-18
D0317,Umaria,Madhya Pradesh,4524733,3432955,2545048,887907,0.7587,488,27.66,0.0449,2010-07-24,2026-01-18
D0318,Vidisha,Madhya Pradesh,2909029,2227408,1722088,505320,0.7657,233,6.16,0.0968,2012-05-24,2026-01-18
D0319,Ahmednagar,Maharashtra,2963160,2468374,1844562,623812,0.833,56,7.16,0.0431,2011-11-03,2026-01-18
D0320,Akola,Maharashtra,2663859,2079720,1730993,348727,0.7807,454,6.31,0.0686,2012-06-14,2026-01-18
D0321,Amravati,Maharashtra,2012760,1748435,1480806,267629,0.8687,118,21.35,0.0377,2012-09-10,2026-01-18
D0322,Aurangabad,Maharashtra,2099792,1808642,1529750,278892,0.8613,433,29.18,0.0356,2010-06-10,2026-01-18
D0323,Beed,Maharashtra,4177361,3854876,2940108,914768,0.9228,376,22.09,0.0863,2011-07-27,2026-01-18
D0324,Bhandara,Maharashtra,3784321,3205148,2504444,700704,0.847,472,22.7,0.0861,2012-08-23,2026-01-18
D0325,Buldhana,Maharashtra,1879904,1603316,1156221,447095,0.8529,71,26.25,0.1037,2010-04-08,2026-01-18
D0326,Chandrapur,Maharashtra,3329455,2826120,2254243,571877,0.8488,135,12.26,0.1202,2011-07-25,2026-01-18
D0327,Dhule,Maharashtra,1597353,1572969,1288416,284553,0.9847,98,10.03,0.0462,2011-06-16,2026-01-18
D0328,Gadchiroli,Maharashtra,1088158,1014187,824651,189536,0.932,192,10.12,0.1329,2011-09-20,2026-01-18
D0329,Gondia,Maharashtra,2711738,2649891,2077586,572305,0.9772,333,24.3,0.0138,2012-12-03,2026-01-18
D0330,Hingoli,Maharashtra,943945,820736,587500,233236,0.8695,485,16.29,0.0656,2011-12-10,2026-01-18
D0331,Jalgaon,Maharashtra,1774634,1417762,1103726,314036,0.7989,457,13.92,0.116,2011-04-30,2026-01-18
D0332,Jalna,Maharashtra,4963158,4487895,3273363,1214532,0.9042,287,18.33,0.0321,2011-04-13,2026-01-18
D0333,Kolhapur,Maharashtra,1756715,1387538,1098959,288579,0.7898,414,27.65,0.0488,2010-02-09,2026-01-18
D0334,Latur,Maharashtra,871616,778829,549080,229749,0.8935,57,27.35,0.1016,2011-09-05,2026-01-18
D0335,Mumbai City,Maharashtra,4237859,3990632,3372736,617896,0.9417,324,27.06,0.1225,2012-03-24,2026-01-18
D0336,Mumbai Suburban,Maharashtra,1916207,1891717,1461926,429791,0.9872,70,23.13,0.0552,2012-07-12,2026-01-18
D0337,Nagpur,Maharashtra,1032726,806722,647821,158901,0.7812,180,18.18,0.1107,2012-07-18,2026-01-18
D0338,Nanded,Maharashtra,3801017,2923200,2366986,556214,0.7691,238,13.42,0.0515,2011-10-08,2026-01-18
D0339,Nandurbar,Maharashtra,2496170,2412076,1924234,487842,0.9663,262,11.36,0.1247,2011-08-11,2026-01-18
D0340,Nashik,Maharashtra,690237,546462,440886,105576,0.7917,297,7.18,0.1107,2011-06-30,2026-01-18
D0341,Osmanabad,Maharashtra,1724744,1599736,1165710,434026,0.9275,124,21.28,0.0969,2010-09-30,2026-01-18
D0342,Palghar,Maharashtra,3008426,2865516,2115026,750490,0.9525,338,8.16,0.1047,2012-12-25,2026-01-18
D0343,Parbhani,Maharashtra,2503426,2289930,1626872,663058,0.9147,472,9.18,0.1017,2010-01-01,2026-01-18
D0344,Pune,Maharashtra,2240534,1830575,1457929,372646,0.817,53,26.66,0.0402,2010-05-23,2026-01-18
D0345,Raigad,Maharashtra,1127220,854393,637028,217365,0.758,351,23.98,0.1365,2011-07-05,2026-01-18
D0346,Ratnagiri,Maharashtra,3744424,3516865,2812604,704261,0.9392,259,21.27,0.1324,2010-08-07,2026-01-18
D0347,Sangli,Maharashtra,3062605,2635328,2186490,448838,0.8605,377,8.22,0.0678,2011-08-19,2026-01-18
D0348,Satara,Maharashtra,2312336,1757574,1425367,332207,0.7601,203,29.16,0.0278,2010-03-24,2026-01-18
D0349,Sindhudurg,Maharashtra,1015693,983784,799909,183875,0.9686,250,25.99,0.1475,2012-12-22,2026-01-18
D0350,Solapur,Maharashtra,3038568,2501167,2061985,439182,0.8231,324,26.82,0.0258,2012-07-22,2026-01-18
D0351,Thane,Maharashtra,4070599,3310193,2340036,970157,0.8132,210,16.72,0.0522,2012-03-31,2026-01-18
D0352,Wardha,Maharashtra,2058242,1655494,1340183,315311,0.8043,90,6.2,0.1364,2011-05-29,2026-01-18
D0353,Washim,Maharashtra,1916828,1710525,1426313,284212,0.8924,176,20.65,0.0844,2012-12-21,2026-01-18
D0354,Yavatmal,Maharashtra,1075919,815891,642449,173442,0.7583,113,24.73,0.0903,2011-10-23,2026-01-18
D0355,Bishnupur,Manipur,2020943,1918945,1515672,403273,0.9495,466,23.44,0.0835,2012-11-24,2026-01-18
D0356,Chandel,Manipur,1504001,1445277,1135649,309628,0.961,350,22.36,0.0215,2011-03-14,2026-01-18
D0357,Churachandpur,Manipur,4804459,4138868,2982586,1156282,0.8615,196,27.31,0.0721,2010-08-20,2026-01-18
D0358,Imphal East,Manipur,4119348,3713649,2929157,784492,0.9015,206,20.99,0.1047,2010-12-14,2026-01-18
D0359,Imphal West,Manipur,3545915,2858731,2338477,520254,0.8062,116,21.31,0.1431,2010-12-13,2026-01-18
D0360,Jiribam,Manipur,2246688,1830040,1392744,437296,0.8146,263,11.36,0.0607,2012-02-19,2026-01-18
D0361,Kakching,Manipur,2888229,2197814,1584631,613183,0.761,429,16.74,0.0731,2012-01-23,2026-01-18
D0362,Kamjong,Manipur,3872455,3340916,2562884,778032,0.8627,389,10.17,0.0823,2012-09-24,2026-01-18
D0363,Kangpokpi,Manipur,3164496,2379192,1743615,635577,0.7518,92,26.1,0.0499,2010-12-07,2026-01-18
D0364,Noney,Manipur,4960276,4401211,3419301,981910,0.8873,412,6.11,0.0489,2012-03-27,2026-01-18
D0365,Pherzawl,Manipur,2892919,2538779,2112211,426568,0.8776,232,26.86,0.0791,2012-02-18,2026-01-18
D0366,Senapati,Manipur,3202994,2748627,2307235,441392,0.8581,94,14.86,0.0691,2011-08-07,2026-01-18
D0367,Tamenglong,Manipur,4885724,4501548,3561560,939988,0.9214,289,12.42,0.1106,2012-09-14,2026-01-18
D0368,Tengnoupal,Manipur,4304409,3973548,3295788,677760,0.9231,223,6.28,0.0461,2011-12-28,2026-01-18
D0369,Thoubal,Manipur,1701838,1632374,1205514,426860,0.9592,373,14.6,0.0739,2011-08-17,2026-01-18
D0370,Ukhrul,Manipur,2595588,2022082,1542529,479553,0.779,133,27.51,0.0666,2011-10-17,2026-01-18
D0371,East Garo Hills,Meghalaya,1872070,1589466,1266668,322798,0.849,251,14.05,0.0931,2012-06-28,2026-01-18
D0372,East Jaintia Hills,Meghalaya,1356626,1314826,1041192,273634,0.9692,77,9.3,0.0993,2011-09-21,2026-01-18
D0373,East Khasi Hills,Meghalaya,970529,851346,701809,149537,0.8772,399,8.55,0.0116,2010-09-25,2026-01-18
D0374,North Garo Hills,Meghalaya,1010370,866619,617603,249016,0.8577,406,8.08,0.0882,2010-08-11,2026-01-18
D0375,Ri Bhoi,Meghalaya,3325494,3145962,2233971,911991,0.946,326,22.31,0.0702,2011-09-03,2026-01-18
D0376,South Garo Hills,Meghalaya,2279685,2141436,1642402,499034,0.9394,403,14.61,0.073,2012-04-26,2026-01-18
D0377,South West Garo Hills,Meghalaya,2679431,2581675,1811939,769736,0.9635,362,5.69,0.065,2011-11-10,2026-01-18
D0378,South West Khasi Hills,Meghalaya,4127447,3259654,2597491,662163,0.7898,470,27.25,0.0584,2012-07-02,2026-01-18
D0379,West Garo Hills,Meghalaya,1288443,968407,733937,234470,0.7516,175,19.9,0.0242,2011-07-30,2026-01-18
D0380,West Jaintia Hills,Meghalaya,1833572,1608886,1329355,279531,0.8775,489,29.7,0.0736,2012-04-16,2026-01-18
D0381,West Khasi Hills,Meghalaya,1328791,1308312,1020204,288108,0.9846,94,14.61,0.0155,2010-12-29,2026-01-18
D0382,Aizawl,Mizoram,876794,691269,486309,204960,0.7884,364,8.68,0.0783,2011-04-30,2026-01-18
D0383,Champhai,Mizoram,4385180,3678706,2781913,896793,0.8389,84,27.21,0.0944,2010-07-20,2026-01-18
D0384,Kolasib,Mizoram,1836092,1504158,1269765,234393,0.8192,450,14.64,0.0577,2010-03-09,2026-01-18
D0385,Lawngtlai,Mizoram,4696656,4122451,2989809,1132642,0.8777,358,25.84,0.0717,2012-02-01,2026-01-18
D0386,Lunglei,Mizoram,4824848,4206240,3371756,834484,0.8718,70,29.16,0.0881,2011-04-28,2026-01-18
D0387,Mamit,Mizoram,1062060,956168,739437,216731,0.9003,484,24.56,0.1128,2010-04-14,2026-01-18
D0388,Saiha,Mizoram,4872216,4580882,3523691,1057191,0.9402,390,8.7,0.1294,2011-09-05,2026-01-18
D0389,Serchhip,Mizoram,739779,715859,515315,200544,0.9677,140,27.74,0.1111,2010-09-03,2026-01-18
D0390,Dimapur,Nagaland,2623238,2046012,1675953,370059,0.78,69,16.67,0.0148,2012-06-01,2026-01-18
D0391,Kiphire,Nagaland,2727503,2106945,1713353,393592,0.7725,119,19.72,0.0625,2011-02-11,2026-01-18
D0392,Kohima,Nagaland,1730746,1510432,1168846,341586,0.8727,291,23.14,0.1352,2010-03-23,2026-01-18
D0393,Longleng,Nagaland,914299,867308,706577,160731,0.9486,309,25.16,0.0767,2011-05-26,2026-01-18
D0394,Mokokchung,Nagaland,4270183,4077814,3123085,954729,0.955,418,12.46,0.0437,2011-03-19,2026-01-18
D0395,Mon,Nagaland,3364140,3307514,2424777,882737,0.9832,257,24.06,0.1401,2011-11-14,2026-01-18
D0396,Peren,Nagaland,4599906,4214469,3035114,1179355,0.9162,175,21.11,0.1248,2011-11-27,2026-01-18
D0397,Phek,Nagaland,2290008,2153556,1827468,326088,0.9404,419,21.92,0.126,2011-06-26,2026-01-18
D0398,Tuensang,Nagaland,3263398,2482136,1864747,617389,0.7606,86,23.51,0.03,2011-10-10,2026-01-18
D0399,Wokha,Nagaland,1949087,1840335,1532380,307955,0.9442,84,20.34,0.0224,2012-03-12,2026-01-18
D0400,Zunheboto,Nagaland,4956397,4202084,3198063,1004021,0.8478,407,12.65,0.0869,2012-06-28,2026-01-18
D0401,Angul,Odisha,4231404,4135965,2940040,1195925,0.9774,110,7.52,0.1317,2012-12-25,2026-01-18
D0402,Balangir,Odisha,3464391,2692190,2224586,467604,0.7771,429,22.68,0.017,2011-03-26,2026-01-18
D0403,Balasore,Odisha,2774316,2524752,1847277,677475,0.91,339,12.03,0.1225,2012-08-31,2026-01-18
D0404,Bargarh,Odisha,3960989,3223771,2267291,956480,0.8139,280,16.91,0.0416,2011-03-13,2026-01-18
D0405,Bhadrak,Odisha,2501676,2238595,1687166,551429,0.8948,362,23.99,0.0363,2010-07-02,2026-01-18
D0406,Boudh,Odisha,1062621,912735,751376,161359,0.8589,103,6.79,0.1056,2012-11-03,2026-01-18
D0407,Cuttack,Odisha,1711569,1576951,1298430,278521,0.9213,457,12.25,0.0889,2010-09-17,2026-01-18
D0408,Deogarh,Odisha,1779180,1725857,1394662,331195,0.97,61,17.42,0.0498,2012-04-29,2026-01-18
D0409,Dhenkanal,Odisha,3297921,3044684,2255295,789389,0.9232,98,12.94,0.01,2012-10-14,2026-01-18
D0410,Gajapati,Odisha,1337393,1091688,879951,211737,0.8163,392,19.58,0.0754,2011-01-25,2026-01-18
D0411,Ganjam,Odisha,3635812,3547489,2527257,1020232,0.9757,205,7.55,0.0604,2010-05-17,2026-01-18
D0412,Jagatsinghpur,Odisha,4430010,4243823,3334674,909149,0.958,387,27.3,0.0707,2010-06-26,2026-01-18
D0413,Jajpur,Odisha,2048485,1721867,1454309,267558,0.8406,470,7.9,0.0159,2012-07-17,2026-01-18
D0414,Jharsuguda,Odisha,2576475,2323596,1871839,451757,0.9019,443,8.48,0.0456,2010-08-23,2026-01-18
D0415,Kalahandi,Odisha,2088236,1657795,1229695,428100,0.7939,60,28.77,0.1084,2011-06-17,2026-01-18
D0416,Kandhamal,Odisha,3924083,3679368,2931066,748302,0.9376,347,7.62,0.0798,2012-05-20,2026-01-18
D0417,Kendrapara,Odisha,2222907,2129093,1642372,486721,0.9578,195,20.86,0.1179,2012-05-22,2026-01-18
D0418,Kendujhar,Odisha,2544940,2163099,1780937,382162,0.85,80,22.99,0.062,2012-08-09,2026-01-18
D0419,Khordha,Odisha,4352256,4095898,3330388,765510,0.9411,286,12.38,0.0291,2010-10-01,2026-01-18
D0420,Koraput,Odisha,3800354,3138144,2500237,637907,0.8258,198,22.05,0.0755,2012-12-24,2026-01-18
D0421,Malkangiri,Odisha,1789467,1360570,1088496,272074,0.7603,98,7.79,0.0822,2012-12-03,2026-01-18
D0422,Mayurbhanj,Odisha,1605710,1526251,1071739,454512,0.9505,214,27.78,0.1274,2012-05-17,2026-01-18
D0423,Nabarangpur,Odisha,1237954,1074899,817614,257285,0.8683,66,27.65,0.0473,2011-06-25,2026-01-18
D0424,Nayagarh,Odisha,3480248,3414957,2656340,758617,0.9812,279,24.06,0.0737,2012-02-23,2026-01-18
D0425,Nuapada,Odisha,3329915,3277446,2355934,921512,0.9842,230,6.91,0.0636,2012-01-15,2026-01-18
D0426,Puri,Odisha,923332,751352,527924,223428,0.8137,202,24.33,0.0825,2012-01-26,2026-01-18
D0427,Rayagada,Odisha,3272605,2902656,2279205,623451,0.887,422,21.16,0.1464,2011-09-15,2026-01-18
D0428,Sambalpur,Odisha,1176296,1036635,854668,181967,0.8813,266,12.28,0.039,2012-12-18,2026-01-18
D0429,Sonepur,Odisha,1278883,1235233,996240,238993,0.9659,206,11.17,0.0778,2011-04-16,2026-01-18
D0430,Sundargarh,Odisha,1262371,1236958,1040787,196171,0.9799,182,18.27,0.1011,2011-06-24,2026-01-18
D0431,Amritsar,Punjab,2417160,1931783,1562511,369272,0.7992,248,8.52,0.0971,2011-05-22,2026-01-18
D0432,Barnala,Punjab,1244748,1016084,860875,155209,0.8163,409,27.66,0.0329,2011-05-06,2026-01-18
D0433,Bathinda,Punjab,1056718,1025224,762331,262893,0.9702,237,18.47,0.0185,2011-11-17,2026-01-18
D0434,Faridkot,Punjab,3263545,2563033,1797137,765896,0.7854,357,10.76,0.0162,2012-08-03,2026-01-18
D0435,Fatehgarh Sahib,Punjab,2058426,1919814,1445889,473925,0.9327,171,21.99,0.0207,2011-08-21,2026-01-18
D0436,Fazilka,Punjab,3422705,3016246,2192950,823296,0.8812,272,6.1,0.0332,2011-06-04,2026-01-18
D0437,Ferozepur,Punjab,1363659,1316533,1054743,261790,0.9654,258,29.53,0.121,2012-05-12,2026-01-18
D0438,Gurdaspur,Punjab,4411147,4325352,3155512,1169840,0.9806,404,17.46,0.0669,2011-03-22,2026-01-18
D0439,Hoshiarpur,Punjab,2078315,1688194,1292395,395799,0.8123,68,9.4,0.04,2010-06-03,2026-01-18
D0440,Jalandhar,Punjab,2725541,2168510,1775769,392741,0.7956,108,13.88,0.1078,2010-09-02,2026-01-18
D0441,Kapurthala,Punjab,3701473,3635189,2758814,876375,0.9821,411,16.92,0.1106,2011-05-10,2026-01-18
D0442,Ludhiana,Punjab,3011910,2823737,2383305,440432,0.9375,291,24.29,0.0798,2010-05-17,2026-01-18
D0443,Mansa,Punjab,639227,621511,456376,165135,0.9723,220,6.15,0.1231,2012-05-21,2026-01-18
D0444,Moga,Punjab,2157153,1884325,1547485,336840,0.8735,327,15.72,0.0141,2010-01-10,2026-01-18
D0445,Mohali,Punjab,4762627,3902174,2964385,937789,0.8193,204,28.87,0.0793,2011-08-24,2026-01-18
D0446,Muktsar,Punjab,3207184,2894504,2065541,828963,0.9025,143,27.96,0.1431,2011-12-19,2026-01-18
D0447,Nawanshahr,Punjab,4562224,4283982,3160080,1123902,0.939,230,13.96,0.1019,2010-04-24,2026-01-18
D0448,Pathankot,Punjab,1301849,1250511,1058127,192384,0.9606,392,17.65,0.0409,2010-04-15,2026-01-18
D0449,Patiala,Punjab,1267876,961867,698587,263280,0.7586,403,21.99,0.0415,2011-12-10,2026-01-18
D0450,Rupnagar,Punjab,2260511,1932256,1520711,411545,0.8548,148,13.16,0.1276,2011-12-01,2026-01-18
D0451,Sangrur,Punjab,2284006,2203112,1854950,348162,0.9646,89,15.02,0.1168,2012-03-01,2026-01-18
D0452,Tarn Taran,Punjab,1425779,1239585,905767,333818,0.8694,270,11.38,0.0514,2010-04-22,2026-01-18
D0453,Ajmer,Rajasthan,691387,624080,470963,153117,0.9027,427,28.52,0.081,2011-12-08,2026-01-18
D0454,Alwar,Rajasthan,1924663,1825387,1290815,534572,0.9484,213,22.34,0.118,2012-10-24,2026-01-18
D0455,Banswara,Rajasthan,647745,621972,485675,136297,0.9602,297,12.25,0.1403,2012-05-12,2026-01-18
D0456,Baran,Rajasthan,4424221,3898659,3040186,858473,0.8812,298,6.53,0.0607,2011-11-11,2026-01-18
D0457,Barmer,Rajasthan,2447238,2014095,1501691,512404,0.823,52,27.07,0.0173,2012-04-23,2026-01-18
D0458,Bharatpur,Rajasthan,4527902,4092102,3119784,972318,0.9038,446,15.57,0.0524,2011-12-03,2026-01-18
D0459,Bhilwara,Rajasthan,4195727,3969271,2886620,1082651,0.946,431,13.42,0.1499,2011-05-19,2026-01-18
D0460,Bikaner,Rajasthan,3781941,3193345,2518258,675087,0.8444,290,14.52,0.068,2012-07-26,2026-01-18
D0461,Bundi,Rajasthan,1945065,1468448,1087169,381279,0.755,303,19.59,0.1433,2010-01-10,2026-01-18
D0462,Chittorgarh,Rajasthan,2141232,1915059,1425730,489329,0.8944,202,8.25,0.0884,2012-01-23,2026-01-18
D0463,Churu,Rajasthan,1284192,1181504,857551,323953,0.92,130,28.32,0.1259,2010-04-14,2026-01-18
D0464,Dausa,Rajasthan,2682926,2472151,1901720,570431,0.9214,50,8.05,0.0275,2011-05-24,2026-01-18
D0465,Dholpur,Rajasthan,2058141,1713824,1207609,506215,0.8327,218,9.88,0.0583,2010-09-19,2026-01-18
D0466,Dungarpur,Rajasthan,542291,427194,306653,120541,0.7878,98,23.18,0.0887,2010-07-02,2026-01-18
D0467,Hanumangarh,Rajasthan,2568671,2232437,1690128,542309,0.8691,320,17.67,0.0642,2011-01-04,2026-01-18
D0468,Jaipur,Rajasthan,4456778,4239997,2975259,1264738,0.9514,363,20.4,0.1281,2012-01-29,2026-01-18
D0469,Jaisalmer,Rajasthan,3070115,2714458,2104147,610311,0.8842,439,18.66,0.1454,2010-12-05,2026-01-18
D0470,Jalore,Rajasthan,4319712,3559962,2749499,810463,0.8241,62,29.04,0.11,2011-10-21,2026-01-18
D0471,Jhalawar,Rajasthan,797675,641661,533798,107863,0.8044,138,8.93,0.0534,2012-11-11,2026-01-18
D0472,Jhunjhunu,Rajasthan,4056210,3530377,2508804,1021573,0.8704,255,20.62,0.09,2012-10-11,2026-01-18
D0473,Jodhpur,Rajasthan,4967890,3740411,2996454,743957,0.7529,173,9.67,0.0128,2010-11-27,2026-01-18
D0474,Karauli,Rajasthan,592036,494178,391978,102200,0.8347,146,15.76,0.1329,2012-12-28,2026-01-18
D0475,Kota,Rajasthan,4957335,4650487,3454678,1195809,0.9381,417,13.34,0.1049,2011-07-13,2026-01-18
D0476,Nagaur,Rajasthan,2998214,2928258,2331655,596603,0.9767,231,23.34,0.0263,2010-08-03,2026-01-18
D0477,Pali,Rajasthan,2068146,1940881,1533617,407264,0.9385,453,11.95,0.0487,2011-12-15,2026-01-18
D0478,Pratapgarh,Rajasthan,3371656,3322053,2359074,962979,0.9853,206,29.43,0.0244,2011-11-12,2026-01-18
D0479,Rajsamand,Rajasthan,2055537,1889229,1442254,446975,0.9191,268,17.99,0.0204,2011-01-22,2026-01-18
D0480,Sawai Madhopur,Rajasthan,1594409,1393560,1130210,263350,0.874,51,12.19,0.1019,2010-01-22,2026-01-18
D0481,Sikar,Rajasthan,1022154,912667,662428,250239,0.8929,279,6.71,0.0703,2010-05-28,2026-01-18
D0482,Sirohi,Rajasthan,4756146,4278989,3411534,867455,0.8997,463,21.04,0.1085,2010-03-14,2026-01-18
D0483,Sri Ganganagar,Rajasthan,1277567,1145213,855400,289813,0.8964,149,11.24,0.0103,2012-12-24,2026-01-18
D0484,Tonk,Rajasthan,2377145,2039068,1614613,424455,0.8578,364,23.41,0.1336,2012-06-09,2026-01-18
D0485,Udaipur,Rajasthan,4007447,3570717,2875037,695680,0.891,74,6.26,0.0978,2010-10-28,2026-01-18
D0486,East Sikkim,Sikkim,4343139,4233275,3307451,925824,0.9747,132,28.94,0.0659,2010-02-15,2026-01-18
D0487,North Sikkim,Sikkim,4969353,4608866,3374612,1234254,0.9275,215,7.55,0.0112,2010-02-23,2026-01-18
D0488,South Sikkim,Sikkim,4248529,3280842,2664889,615953,0.7722,176,25.18,0.1306,2011-10-06,2026-01-18
D0489,West Sikkim,Sikkim,3977084,3472210,2658871,813339,0.8731,452,19.74,0.0959,2011-01-12,2026-01-18
D0490,Ariyalur,Tamil Nadu,3736904,3019737,2437253,582484,0.8081,217,21.35,0.1246,2012-12-06,2026-01-18
D0491,Chengalpattu,Tamil Nadu,1389855,1125240,823856,301384,0.8096,118,6.93,0.1376,2010-07-22,2026-01-18
D0492,Chennai,Tamil Nadu,4551889,4214393,3333625,880768,0.9259,380,19.87,0.0621,2011-10-01,2026-01-18
D0493,Coimbatore,Tamil Nadu,3584562,3112977,2311372,801605,0.8684,223,14.94,0.0819,2012-10-11,2026-01-18
D0494,Cuddalore,Tamil Nadu,2562087,1963660,1483872,479788,0.7664,122,10.16,0.122,2010-10-22,2026-01-18
D0495,Dharmapuri,Tamil Nadu,3999701,3825144,2697687,1127457,0.9564,236,16.36,0.0982,2010-12-29,2026-01-18
D0496,Dindigul,Tamil Nadu,2143707,2036681,1578254,458427,0.9501,163,21.23,0.1411,2010-04-02,2026-01-18
D0497,Erode,Tamil Nadu,2752641,2394850,1958423,436427,0.87,235,5.55,0.0521,2010-09-13,2026-01-18
D0498,Kallakurichi,Tamil Nadu,3830922,3324715,2789657,535058,0.8679,256,12.03,0.1098,2012-07-22,2026-01-18
D0499,Kancheepuram,Tamil Nadu,4266001,3618023,3034088,583935,0.8481,390,9.01,0.0199,2011-12-15,2026-01-18
D0500,Karur,Tamil Nadu,1173812,1090737,881408,209329,0.9292,352,22.13,0.0255,2010-03-10,2026-01-18
D0501,Krishnagiri,Tamil Nadu,1152416,949998,700617,249381,0.8244,361,18.83,0.0457,2010-03-02,2026-01-18
D0502,Madurai,Tamil Nadu,1674846,1286939,1069311,217628,0.7684,286,12.69,0.1379,2011-09-14,2026-01-18
D0503,Nagapattinam,Tamil Nadu,4405513,3699066,2739989,959077,0.8396,385,26.91,0.0244,2010-05-17,2026-01-18
D0504,Namakkal,Tamil Nadu,3235090,3069871,2309566,760305,0.9489,474,26.47,0.1048,2011-04-10,2026-01-18
D0505,Nilgiris,Tamil Nadu,4929899,4713493,3828550,884943,0.9561,362,5.33,0.0514,2011-10-15,2026-01-18
D0506,Perambalur,Tamil Nadu,3034957,2556504,1977216,579288,0.8424,94,9.13,0.0103,2011-03-26,2026-01-18
D0507,Pudukkottai,Tamil Nadu,3244804,3003962,2334799,669163,0.9258,199,18.53,0.0583,2011-09-30,2026-01-18
D0508,Ramanathapuram,Tamil Nadu,1490121,1432898,1029142,403756,0.9616,164,10.56,0.0827,2012-10-31,2026-01-18
D0509,Ranipet,Tamil Nadu,4431814,3385266,2568248,817018,0.7639,196,13.39,0.1149,2010-12-29,2026-01-18
D0510,Salem,Tamil Nadu,1521436,1292515,1050917,241598,0.8495,68,21.97,0.0677,2012-09-28,2026-01-18
D0511,Sivaganga,Tamil Nadu,2828476,2460850,1874660,586190,0.87,295,19.39,0.0131,2010-08-27,2026-01-18
D0512,Tenkasi,Tamil Nadu,1188332,1089926,843990,245936,0.9172,366,13.43,0.03,2010-01-17,2026-01-18
D0513,Thanjavur,Tamil Nadu,4814380,4063559,3390435,673124,0.844,56,24.32,0.1432,2010-07-12,2026-01-18
D0514,Theni,Tamil Nadu,2844688,2550890,2113658,437232,0.8967,300,16.86,0.0885,2011-02-20,2026-01-18
D0515,Thoothukudi,Tamil Nadu,3524015,2651450,2143741,507709,0.7524,169,23.82,0.0751,2010-12-02,2026-01-18
D0516,Tiruchirappalli,Tamil Nadu,1837768,1592283,1194282,398001,0.8664,282,18.29,0.0815,2011-10-21,2026-01-18
D0517,Tirunelveli,Tamil Nadu,1667272,1603606,1234690,368916,0.9618,230,15.24,0.1007,2011-10-20,2026-01-18
D0518,Tirupathur,Tamil Nadu,1993551,1594660,1126304,468356,0.7999,55,14.74,0.0858,2010-10-19,2026-01-18
D0519,Tiruppur,Tamil Nadu,1666670,1276628,1017788,258840,0.766,222,16.26,0.0819,2010-12-01,2026-01-18
D0520,Tiruvallur,Tamil Nadu,2499482,1900308,1457456,442852,0.7603,52,13.76,0.0622,2010-02-28,2026-01-18
D0521,Tiruvannamalai,Tamil Nadu,2362205,1983957,1498725,485232,0.8399,380,21.42,0.1092,2012-06-16,2026-01-18
D0522,Tiruvarur,Tamil Nadu,2770463,2399657,1681672,717985,0.8662,173,7.38,0.0245,2012-12-07,2026-01-18
D0523,Vellore,Tamil Nadu,745144,662763,506291,156472,0.8894,363,24.55,0.1152,2012-03-17,2026-01-18
D0524,Viluppuram,Tamil Nadu,2346585,2187112,1535777,651335,0.932,260,20.51,0.1139,2011-08-06,2026-01-18
D0525,Virudhunagar,Tamil Nadu,2108795,1680275,1400612,279663,0.7968,462,8.97,0.0462,2012-09-17,2026-01-18
D0526,Adilabad,Telangana,4215929,4061586,3195741,865845,0.9634,111,8.91,0.0763,2010-09-24,2026-01-18
D0527,Bhadradri Kothagudem,Telangana,3138439,2590211,1906978,683233,0.8253,492,26.54,0.1316,2011-10-12,2026-01-18
D0528,Hyderabad,Telangana,2305518,2037853,1605217,432636,0.8839,227,14.57,0.1251,2011-10-20,2026-01-18
D0529,Jagtial,Telangana,2482847,2189479,1707766,481713,0.8818,244,28.48,0.0991,2012-09-16,2026-01-18
D0530,Jangaon,Telangana,1462452,1340649,982437,358212,0.9167,405,25.59,0.0188,2012-09-01,2026-01-18
D0531,Jayashankar Bhupalpally,Telangana,3426979,2949825,2499964,449861,0.8608,389,24.34,0.1147,2010-06-10,2026-01-18
D0532,Jogulamba Gadwal,Telangana,3530555,2831983,2179489,652494,0.8021,71,5.84,0.1331,2012-04-07,2026-01-18
D0533,Kamareddy,Telangana,3500109,3185251,2384014,801237,0.91,105,10.03,0.082,2011-03-31,2026-01-18
D0534,Karimnagar,Telangana,774535,704846,503365,201481,0.91,313,11.23,0.0907,2011-11-19,2026-01-18
D0535,Khammam,Telangana,2562362,2536057,1899496,636561,0.9897,336,25.03,0.1044,2010-12-31,2026-01-18
D0536,Kumuram Bheem Asifabad,Telangana,4717690,3811700,2691260,1120440,0.808,302,12.95,0.1446,2011-04-04,2026-01-18
D0537,Mahabubabad,Telangana,2798354,2371445,1664884,706561,0.8474,353,12.8,0.0122,2011-04-07,2026-01-18
D0538,Mahabubnagar,Telangana,3024055,2720737,2215619,505118,0.8997,465,8.32,0.0816,2011-05-30,2026-01-18
D0539,Mancherial,Telangana,3732452,3573688,2816210,757478,0.9575,74,6.73,0.0994,2010-01-19,2026-01-18
D0540,Medak,Telangana,4312010,3933717,2835286,1098431,0.9123,202,10.72,0.0936,2011-10-13,2026-01-18
D0541,Medchal-Malkajgiri,Telangana,2184449,1817586,1416175,401411,0.8321,364,16.73,0.072,2010-06-19,2026-01-18
D0542,Mulugu,Telangana,1601267,1562169,1211619,350550,0.9756,337,16.37,0.1045,2011-11-25,2026-01-18
D0543,Nagarkurnool,Telangana,825329,640797,537473,103324,0.7764,477,17.51,0.1067,2012-05-06,2026-01-18
D0544,Nalgonda,Telangana,1365256,1046812,819866,226946,0.7668,370,20.9,0.0939,2011-09-08,2026-01-18
D0545,Narayanpet,Telangana,762091,579312,455894,123418,0.7602,258,25.93,0.0338,2011-03-10,2026-01-18
D0546,Nirmal,Telangana,1884822,1491165,1145269,345896,0.7911,345,25.07,0.1445,2011-10-05,2026-01-18
D0547,Nizamabad,Telangana,2047419,1775601,1349959,425642,0.8672,371,19.32,0.0488,2012-05-25,2026-01-18
D0548,Peddapalli,Telangana,1929290,1471040,1036732,434308,0.7625,345,10.77,0.1382,2010-12-06,2026-01-18
D0549,Rajanna Sircilla,Telangana,988051,799440,642431,157009,0.8091,284,10.28,0.1308,2012-08-09,2026-01-18
D0550,Rangareddy,Telangana,2394554,2219709,1649194,570515,0.927,122,29.93,0.0142,2011-04-10,2026-01-18
D0551,Sangareddy,Telangana,3619734,3252540,2735763,516777,0.8986,422,6.56,0.0569,2012-08-02,2026-01-18
D0552,Siddipet,Telangana,4730207,4560176,3401470,1158706,0.9641,60,24.74,0.0683,2011-07-24,2026-01-18
D0553,Suryapet,Telangana,4151361,3586727,2540419,1046308,0.864,265,7.52,0.0334,2011-04-30,2026-01-18
D0554,Vikarabad,Telangana,3009907,2960359,2409418,550941,0.9835,345,7.86,0.0112,2010-12-26,2026-01-18
D0555,Wanaparthy,Telangana,1538218,1274107,949091,325016,0.8283,399,5.51,0.1257,2012-12-08,2026-01-18
D0556,Warangal Rural,Telangana,1277635,1164894,826358,338536,0.9118,150,9.25,0.1358,2010-06-15,2026-01-18
D0557,Warangal Urban,Telangana,2222199,1749275,1246201,503074,0.7872,179,25.73,0.1089,2010-04-06,2026-01-18
D0558,Yadadri Bhuvanagiri,Telangana,2345700,2028653,1657578,371075,0.8648,177,8.6,0.0974,2012-12-24,2026-01-18
D0559,Dhalai,Tripura,3075606,3033212,2303288,729924,0.9862,488,6.42,0.0686,2012-02-16,2026-01-18
D0560,Gomati,Tripura,2203820,1836432,1436247,400185,0.8333,473,21.61,0.0379,2012-04-10,2026-01-18
D0561,Khowai,Tripura,1635270,1447235,1179169,268066,0.885,89,14.29,0.0373,2012-04-24,2026-01-18
D0562,North Tripura,Tripura,2138846,1891379,1518883,372496,0.8843,493,14.04,0.1304,2012-11-07,2026-01-18
D0563,Sepahijala,Tripura,1297583,1075405,826016,249389,0.8288,394,17.85,0.1365,2012-05-26,2026-01-18
D0564,South Tripura,Tripura,1672304,1582477,1228828,353649,0.9463,126,19.48,0.0785,2010-11-06,2026-01-18
D0565,Unakoti,Tripura,3429735,2878650,2300761,577889,0.8393,240,19.27,0.0359,2012-01-28,2026-01-18
D0566,West Tripura,Tripura,4137967,3387214,2842104,545110,0.8186,249,18.97,0.062,2010-01-06,2026-01-18
D0567,Agra,Uttar Pradesh,4130623,3888798,2936464,952334,0.9415,236,13.44,0.1121,2010-12-15,2026-01-18
D0568,Aligarh,Uttar Pradesh,4814366,4000910,3393884,607026,0.831,176,10.51,0.0405,2012-02-01,2026-01-18
D0569,Ambedkar Nagar,Uttar Pradesh,2512755,2035131,1504953,530178,0.8099,62,20.59,0.094,2010-10-03,2026-01-18
D0570,Amethi,Uttar Pradesh,1641452,1322507,978397,344110,0.8057,434,13.78,0.0231,2012-12-17,2026-01-18
D0571,Amroha,Uttar Pradesh,3749479,3640659,2570337,1070322,0.971,223,20.25,0.1394,2011-11-30,2026-01-18
D0572,Auraiya,Uttar Pradesh,947244,816843,628924,187919,0.8623,238,8.86,0.0782,2011-12-23,2026-01-18
D0573,Ayodhya,Uttar Pradesh,4615741,4569093,3725717,843376,0.9899,270,22.7,0.0766,2011-08-29,2026-01-18
D0574,Azamgarh,Uttar Pradesh,2779023,2311310,1794933,516377,0.8317,165,21.75,0.0756,2011-04-24,2026-01-18
D0575,Baghpat,Uttar Pradesh,2020180,1539494,1085707,453787,0.7621,466,26.32,0.14,2012-10-21,2026-01-18
D0576,Bahraich,Uttar Pradesh,3321839,2680706,1896444,784262,0.807,286,7.79,0.0952,2010-03-13,2026-01-18
D0577,Ballia,Uttar Pradesh,2615226,2070315,1567151,503164,0.7916,281,10.0,0.0178,2011-09-07,2026-01-18
D0578,Balrampur,Uttar Pradesh,2588618,2346229,1716541,629688,0.9064,270,26.41,0.1269,2011-01-25,2026-01-18
D0579,Banda,Uttar Pradesh,3297909,2525801,1775318,750483,0.7659,241,15.78,0.0223,2010-08-15,2026-01-18
D0580,Barabanki,Uttar Pradesh,3135122,2610992,1839484,771508,0.8328,164,12.34,0.0158,2012-05-20,2026-01-18
D0581,Bareilly,Uttar Pradesh,1081904,981083,715058,266025,0.9068,77,26.2,0.1426,2010-06-26,2026-01-18
D0582,Basti,Uttar Pradesh,2072138,1723075,1323912,399163,0.8315,107,22.9,0.1089,2011-12-01,2026-01-18
D0583,Bhadohi,Uttar Pradesh,3873307,3221015,2292850,928165,0.8316,333,11.53,0.0581,2011-09-01,2026-01-18
D0584,Bijnor,Uttar Pradesh,2521835,2003789,1514616,489173,0.7946,437,9.96,0.0331,2011-01-02,2026-01-18
D0585,Budaun,Uttar Pradesh,3427503,3154782,2337512,817270,0.9204,424,29.2,0.0725,2012-03-12,2026-01-18
D0586,Bulandshahr,Uttar Pradesh,2926105,2198108,1558490,639618,0.7512,122,23.78,0.1155,2012-10-30,2026-01-18
D0587,Chandauli,Uttar Pradesh,770146,632000,453282,178718,0.8206,332,6.39,0.011,2011-04-05,2026-01-18
D0588,Chitrakoot,Uttar Pradesh,4972089,4584807,3798145,786662,0.9221,483,27.39,0.1373,2010-03-28,2026-01-18
D0589,Deoria,Uttar Pradesh,624591,572033,423730,148303,0.9159,138,23.24,0.1416,2010-05-29,2026-01-18
D0590,Etah,Uttar Pradesh,1660152,1589018,1308356,280662,0.9572,495,17.15,0.0264,2010-09-07,2026-01-18
D0591,Etawah,Uttar Pradesh,2092173,1868435,1429495,438940,0.8931,326,19.59,0.0646,2010-03-11,2026-01-18
D0592,Farrukhabad,Uttar Pradesh,797584,606849,444629,162220,0.7609,140,28.29,0.1249,2011-12-27,2026-01-18
D0593,Fatehpur,Uttar Pradesh,3852214,3536045,2693152,842893,0.9179,187,13.17,0.0115,2011-05-18,2026-01-18
D0594,Firozabad,Uttar Pradesh,635370,598668,428447,170221,0.9422,286,6.89,0.0606,2011-03-19,2026-01-18
D0595,Gautam Buddha Nagar,Uttar Pradesh,927244,825635,605967,219668,0.8904,108,19.87,0.1134,2012-03-29,2026-01-18
D0596,Ghaziabad,Uttar Pradesh,2709821,2593926,1902539,691387,0.9572,472,9.31,0.0895,2012-08-17,2026-01-18
D0597,Ghazipur,Uttar Pradesh,4003548,3239265,2473283,765982,0.8091,143,11.49,0.1458,2011-11-05,2026-01-18
D0598,Gonda,Uttar Pradesh,2505534,1910879,1535967,374912,0.7627,488,10.46,0.1485,2011-01-20,2026-01-18
D0599,Gorakhpur,Uttar Pradesh,4386912,3435357,2759671,675686,0.7831,475,25.59,0.1249,2011-11-09,2026-01-18
D0600,Hamirpur,Uttar Pradesh,4625903,3871947,3178315,693632,0.837,66,18.93,0.0318,2010-06-15,2026-01-18
D0601,Hapur,Uttar Pradesh,4420367,3826763,3161427,665336,0.8657,415,9.57,0.0295,2011-10-17,2026-01-18
D0602,Hardoi,Uttar Pradesh,1208092,1017583,782387,235196,0.8423,294,10.11,0.0123,2012-09-08,2026-01-18
D0603,Hathras,Uttar Pradesh,2202457,2013327,1569863,443464,0.9141,75,28.43,0.0537,2011-01-25,2026-01-18
D0604,Jalaun,Uttar Pradesh,1185503,1065313,798789,266524,0.8986,298,22.87,0.0196,2011-01-19,2026-01-18
D0605,Jaunpur,Uttar Pradesh,4199243,3266700,2586963,679737,0.7779,288,21.54,0.0208,2010-05-02,2026-01-18
D0606,Jhansi,Uttar Pradesh,1435783,1186985,908905,278080,0.8267,376,11.38,0.0248,2012-03-10,2026-01-18
D0607,Kannauj,Uttar Pradesh,622019,528194,423280,104914,0.8492,447,11.95,0.0404,2012-03-18,2026-01-18
D0608,Kanpur Dehat,Uttar Pradesh,2916826,2208029,1846105,361924,0.757,437,15.48,0.0335,2010-08-25,2026-01-18
D0609,Kanpur Nagar,Uttar Pradesh,2217534,1714098,1281552,432546,0.773,320,23.29,0.1441,2012-08-19,2026-01-18
D0610,Kasganj,Uttar Pradesh,3550999,3059211,2315646,743565,0.8615,174,20.75,0.0664,2011-10-20,2026-01-18
D0611,Kaushambi,Uttar Pradesh,859281,784167,599314,184853,0.9126,109,16.1,0.1351,2011-10-25,2026-01-18
D0612,Kheri,Uttar Pradesh,4358884,3277593,2758016,519577,0.7519,157,14.48,0.1381,2010-10-15,2026-01-18
D0613,Kushinagar,Uttar Pradesh,1259401,1199719,926906,272813,0.9526,145,11.86,0.1362,2012-10-26,2026-01-18
D0614,Lalitpur,Uttar Pradesh,4762511,4582703,3592430,990273,0.9622,155,5.16,0.147,2012-08-16,2026-01-18
D0615,Lucknow,Uttar Pradesh,3180259,2563718,1875700,688018,0.8061,465,21.78,0.1228,2010-05-30,2026-01-18
D0616,Maharajganj,Uttar Pradesh,907407,815434,626384,189050,0.8986,52,29.94,0.0368,2010-08-13,2026-01-18
D0617,Mahoba,Uttar Pradesh,4922888,3926214,2787037,1139177,0.7975,174,10.57,0.053,2010-01-30,2026-01-18
D0618,Mainpuri,Uttar Pradesh,4364856,3441488,2497282,944206,0.7885,417,16.06,0.1216,2012-10-13,2026-01-18
D0619,Mathura,Uttar Pradesh,4591373,3876702,2771984,1104718,0.8443,474,6.31,0.0323,2010-02-17,2026-01-18
D0620,Mau,Uttar Pradesh,4407297,3386715,2490079,896636,0.7684,134,25.87,0.1465,2011-05-18,2026-01-18
D0621,Meerut,Uttar Pradesh,4124656,3322633,2758654,563979,0.8056,381,5.9,0.1398,2012-10-15,2026-01-18
D0622,Mirzapur,Uttar Pradesh,1914474,1628836,1142551,486285,0.8508,236,19.58,0.0116,2011-05-06,2026-01-18
D0623,Moradabad,Uttar Pradesh,2435657,2170668,1648953,521715,0.8912,295,18.6,0.0485,2010-10-10,2026-01-18
D0624,Muzaffarnagar,Uttar Pradesh,532766,495658,356772,138886,0.9303,424,18.75,0.0171,2010-01-12,2026-01-18
D0625,Pilibhit,Uttar Pradesh,1958316,1859944,1526730,333214,0.9498,302,12.94,0.0463,2011-06-04,2026-01-18
D0626,Pratapgarh,Uttar Pradesh,3553380,2741716,1998676,743040,0.7716,167,13.44,0.1319,2012-07-14,2026-01-18
D0627,Prayagraj,Uttar Pradesh,2428854,1944711,1580797,363914,0.8007,229,17.31,0.0719,2010-07-14,2026-01-18
D0628,Rae Bareli,Uttar Pradesh,569518,481070,374989,106081,0.8447,324,10.41,0.0392,2010-06-14,2026-01-18
D0629,Rampur,Uttar Pradesh,2197818,2128790,1664952,463838,0.9686,330,11.7,0.0606,2012-07-06,2026-01-18
D0630,Saharanpur,Uttar Pradesh,2929151,2674687,1895021,779666,0.9131,405,19.62,0.0573,2010-02-03,2026-01-18
D0631,Sambhal,Uttar Pradesh,826284,668599,565905,102694,0.8092,405,27.15,0.1354,2012-07-20,2026-01-18
D0632,Sant Kabir Nagar,Uttar Pradesh,4871272,3922340,2987629,934711,0.8052,119,26.88,0.1207,2010-05-28,2026-01-18
D0633,Shahjahanpur,Uttar Pradesh,3335743,3161764,2401514,760250,0.9478,453,21.41,0.0849,2010-10-05,2026-01-18
D0634,Shamli,Uttar Pradesh,3611500,3568955,2581889,987066,0.9882,184,7.93,0.0337,2011-01-19,2026-01-18
D0635,Shravasti,Uttar Pradesh,4224476,3815109,3234358,580751,0.9031,337,20.48,0.0676,2010-05-10,2026-01-18
D0636,Siddharthnagar,Uttar Pradesh,1387099,1261826,978049,283777,0.9097,65,10.04,0.1408,2010-05-09,2026-01-18
D0637,Sitapur,Uttar Pradesh,1651882,1459414,1192235,267179,0.8835,459,18.09,0.0455,2012-09-18,2026-01-18
D0638,Sonbhadra,Uttar Pradesh,2423782,1965023,1630643,334380,0.8107,157,6.53,0.0503,2012-03-28,2026-01-18
D0639,Sultanpur,Uttar Pradesh,546250,536044,386092,149952,0.9813,244,21.91,0.0932,2012-08-19,2026-01-18
D0640,Unnao,Uttar Pradesh,1376336,1257706,988939,268767,0.9138,79,14.45,0.0301,2012-02-17,2026-01-18
D0641,Varanasi,Uttar Pradesh,4571867,4463673,3341384,1122289,0.9763,410,21.31,0.0452,2010-07-04,2026-01-18
D0642,Almora,Uttarakhand,1408017,1071218,867818,203400,0.7608,211,9.59,0.0932,2010-01-12,2026-01-18
D0643,Bageshwar,Uttarakhand,2618219,1981160,1571871,409289,0.7567,275,26.05,0.0776,2011-08-01,2026-01-18
D0644,Chamoli,Uttarakhand,3150432,2871566,2322057,549509,0.9115,460,20.84,0.1228,2011-06-11,2026-01-18
D0645,Champawat,Uttarakhand,1444740,1283581,1007082,276499,0.8885,329,14.07,0.0865,2011-11-05,2026-01-18
D0646,Dehradun,Uttarakhand,1962603,1542929,1277142,265787,0.7862,222,12.33,0.0836,2012-04-27,2026-01-18
D0647,Haridwar,Uttarakhand,1679580,1622580,1328615,293965,0.9661,466,25.94,0.096,2010-10-21,2026-01-18
D0648,Nainital,Uttarakhand,4375010,3547575,2885775,661800,0.8109,449,10.45,0.1027,2011-12-11,2026-01-18
D0649,Pauri Garhwal,Uttarakhand,4934315,4083872,3266110,817762,0.8276,191,8.18,0.0277,2011-11-12,2026-01-18
D0650,Pithoragarh,Uttarakhand,2341646,2036653,1522885,513768,0.8698,332,15.05,0.1121,2010-07-25,2026-01-18
D0651,Rudraprayag,Uttarakhand,4928622,4750639,3335162,1415477,0.9639,404,13.91,0.0456,2010-07-09,2026-01-18
D0652,Tehri Garhwal,Uttarakhand,4035647,3851121,3248978,602143,0.9543,340,27.47,0.0874,2012-04-16,2026-01-18
D0653,Udham Singh Nagar,Uttarakhand,733979,590247,447693,142554,0.8042,178,12.87,0.0235,2011-07-20,2026-01-18
D0654,Uttarkashi,Uttarakhand,3696247,3131216,2233018,898198,0.8471,65,29.89,0.0916,2010-07-12,2026-01-18
D0655,Alipurduar,West Bengal,3803481,3287541,2458244,829297,0.8644,243,21.81,0.1055,2010-01-29,2026-01-18
D0656,Bankura,West Bengal,2206930,1848350,1498597,349753,0.8375,246,19.46,0.1071,2010-10-03,2026-01-18
D0657,Birbhum,West Bengal,1171986,1019616,825417,194199,0.87,222,24.51,0.1043,2010-02-21,2026-01-18
D0658,Cooch Behar,West Bengal,2003061,1614086,1184585,429501,0.8058,249,29.09,0.0251,2012-11-15,2026-01-18
D0659,Dakshin Dinajpur,West Bengal,2653548,2334936,1664587,670349,0.8799,260,25.81,0.1466,2011-03-15,2026-01-18
D0660,Darjeeling,West Bengal,3691849,3495502,2468652,1026850,0.9468,476,11.79,0.0659,2012-01-12,2026-01-18
D0661,Hooghly,West Bengal,3102352,2783656,2323490,460166,0.8973,281,18.62,0.029,2011-01-11,2026-01-18
D0662,Howrah,West Bengal,2302502,2081074,1602275,478799,0.9038,458,22.51,0.1179,2011-10-14,2026-01-18
D0663,Jalpaiguri,West Bengal,1232722,1194164,839664,354500,0.9687,137,28.1,0.1465,2011-01-16,2026-01-18
D0664,Jhargram,West Bengal,4518293,3717309,3141059,576250,0.8227,309,14.9,0.1159,2011-01-01,2026-01-18
D0665,Kalimpong,West Bengal,3069849,2606139,2189702,416437,0.8489,264,24.75,0.0545,2012-01-17,2026-01-18
D0666,Kolkata,West Bengal,2955918,2462131,2024771,437360,0.8329,78,13.48,0.0808,2010-11-30,2026-01-18
D0667,Malda,West Bengal,2895682,2629118,2233862,395256,0.9079,257,7.85,0.1417,2011-11-16,2026-01-18
D0668,Murshidabad,West Bengal,4428685,4260331,3247325,1013006,0.962,155,20.35,0.0963,2010-09-01,2026-01-18
D0669,Nadia,West Bengal,2491161,1905108,1566110,338998,0.7647,56,21.22,0.1436,2010-11-26,2026-01-18
D0670,North 24 Parganas,West Bengal,4166569,3387391,2638062,749329,0.813,355,15.04,0.0573,2011-05-28,2026-01-18
D0671,Paschim Bardhaman,West Bengal,2340875,1975741,1431225,544516,0.844,450,20.5,0.1077,2010-03-12,2026-01-18
D0672,Paschim Medinipur,West Bengal,2063825,1979742,1557160,422582,0.9593,302,11.36,0.0514,2012-01-26,2026-01-18
D0673,Purba Bardhaman,West Bengal,3323978,2944393,2462109,482284,0.8858,195,9.3,0.133,2011-07-13,2026-01-18
D0674,Purba Medinipur,West Bengal,3923994,3350561,2644771,705790,0.8539,66,18.09,0.0547,2012-11-28,2026-01-18
D0675,Purulia,West Bengal,2809608,2665827,1898143,767684,0.9488,252,24.79,0.1382,2011-11-24,2026-01-18
D0676,South 24 Parganas,West Bengal,3750428,2924745,2431252,493493,0.7798,136,13.14,0.0652,2012-12-03,2026-01-18
D0677,Uttar Dinajpur,West Bengal,4378551,3709952,2884274,825678,0.8473,144,29.89,0.0115,2010-02-02,2026-01-18
D0678,Nicobar,Andaman and Nicobar Islands,3520745,3324716,2801338,523378,0.9443,204,13.55,0.1323,2012-04-23,2026-01-18
D0679,North and Middle Andaman,Andaman and Nicobar Islands,1050428,858494,617967,240527,0.8173,320,20.26,0.0134,2010-06-21,2026-01-18
D0680,South Andaman,Andaman and Nicobar Islands,1114673,996373,832330,164043,0.8939,285,23.8,0.1368,2010-12-30,2026-01-18
D0681,Chandigarh,Chandigarh,1251993,1071550,782136,289414,0.8559,245,13.83,0.122,2010-01-22,2026-01-18
D0682,Dadra and Nagar Haveli,Dadra and Nagar Haveli and Daman and Diu,3074469,2649786,2031877,617909,0.8619,134,15.35,0.1441,2010-08-12,2026-01-18
D0683,Daman,Dadra and Nagar Haveli and Daman and Diu,3330514,2997982,2355637,642345,0.9002,478,25.49,0.1255,2010-07-16,2026-01-18
D0684,Diu,Dadra and Nagar Haveli and Daman and Diu,587593,480655,396821,83834,0.818,300,21.66,0.0212,2012-07-13,2026-01-18
D0685,Anantnag,Jammu and Kashmir,3172762,2503969,1822060,681909,0.7892,397,11.1,0.0937,2011-09-15,2026-01-18
D0686,Bandipora,Jammu and Kashmir,4246962,4085813,3025924,1059889,0.9621,171,8.63,0.0808,2011-08-20,2026-01-18
D0687,Baramulla,Jammu and Kashmir,2298594,1763199,1386015,377184,0.7671,382,29.86,0.0383,2010-11-30,2026-01-18
D0688,Budgam,Jammu and Kashmir,3964524,3081425,2581098,500327,0.7772,376,6.1,0.0359,2010-04-23,2026-01-18
D0689,Doda,Jammu and Kashmir,4970756,4266332,3197866,1068466,0.8583,257,26.05,0.0515,2010-11-02,2026-01-18
D0690,Ganderbal,Jammu and Kashmir,1517497,1413733,1133932,279801,0.9316,469,13.95,0.1485,2012-08-22,2026-01-18
D0691,Jammu,Jammu and Kashmir,920888,722172,546915,175257,0.7842,383,12.15,0.1041,2010-06-28,2026-01-18
D0692,Kathua,Jammu and Kashmir,3216826,3003978,2289186,714792,0.9338,269,13.38,0.0348,2012-09-20,2026-01-18
D0693,Kishtwar,Jammu and Kashmir,2271503,2225193,1757688,467505,0.9796,329,12.88,0.065,2010-05-28,2026-01-18
D0694,Kulgam,Jammu and Kashmir,1967217,1851944,1484577,367367,0.9414,350,16.88,0.1391,2011-05-10,2026-01-18
D0695,Kupwara,Jammu and Kashmir,3902862,3254928,2660460,594468,0.834,84,13.12,0.1062,2012-11-03,2026-01-18
D0696,Poonch,Jammu and Kashmir,2839189,2626983,2031920,595063,0.9253,242,15.24,0.147,2010-03-17,2026-01-18
D0697,Pulwama,Jammu and Kashmir,2224854,1814226,1469041,345185,0.8154,338,25.82,0.1226,2010-09-10,2026-01-18
D0698,Rajouri,Jammu and Kashmir,4896208,4796948,3998355,798593,0.9797,176,15.4,0.0868,2012-10-16,2026-01-18
D0699,Ramban,Jammu and Kashmir,2357845,1801871,1432344,369527,0.7642,468,14.9,0.0286,2010-08-24,2026-01-18
D0700,Reasi,Jammu and Kashmir,733462,650749,497893,152856,0.8872,134,29.79,0.0392,2011-10-25,2026-01-18
D0701,Samba,Jammu and Kashmir,910226,828863,640355,188508,0.9106,456,19.73,0.1414,2010-11-09,2026-01-18
D0702,Shopian,Jammu and Kashmir,3667126,3027588,2221312,806276,0.8256,137,23.56,0.0135,2011-11-13,2026-01-18
D0703,Srinagar,Jammu and Kashmir,2094502,1963074,1540196,422878,0.9373,183,13.26,0.1143,2011-06-17,2026-01-18
D0704,Udhampur,Jammu and Kashmir,3292537,2874918,2068721,806197,0.8732,226,8.33,0.0466,2011-09-21,2026-01-18
D0705,Kargil,Ladakh,2140027,1912824,1486371,426453,0.8938,74,12.98,0.0682,2010-09-06,2026-01-18
D0706,Leh,Ladakh,2178332,2017801,1419708,598093,0.9263,191,7.62,0.028,2010-05-26,2026-01-18
D0707,Lakshadweep,Lakshadweep,1869971,1585301,1233691,351610,0.8478,239,21.05,0.0486,2011-05-23,2026-01-18
D0708,Karaikal,Puducherry,3083677,2739871,2283953,455918,0.8885,275,20.67,0.1232,2012-11-14,2026-01-18
D0709,Mahe,Puducherry,4046293,3921383,3081495,839888,0.9691,452,9.12,0.0354,2012-05-21,2026-01-18
D0710,Puducherry,Puducherry,3778262,3182565,2435932,746633,0.8423,94,19.7,0.0697,2012-05-22,2026-01-18
D0711,Yanam,Puducherry,2284094,1807264,1405530,401734,0.7912,293,19.47,0.012,2011-01-16,2026-01-18
